orden,clave,numero_album,nombre,pais,codigo_pais,grupo,seccion_album,tipo,origen
1,00,00,PANINI LOGO,,,,PANINI,Logo,Álbum base
2,FWC1,FWC 1,WC LOGO,,,,FIFA WORLD CUP,Logo,Álbum base
3,FWC2,FWC 2,WC LOGO,,,,FIFA WORLD CUP,Logo,Álbum base
4,FWC3,FWC 3,OFFICIAL MASCOTS,,,,FIFA WORLD CUP,Mascota,Álbum base
5,FWC4,FWC 4,OFFICIAL SLOGAN,,,,FIFA WORLD CUP,Slogan,Álbum base
6,FWC5,FWC 5,OFFICIAL BALL,,,,FIFA WORLD CUP,Balón,Álbum base
7,FWC6,FWC 6,CANADA - HOST COUNTRY EMBLEM,,,,FIFA WORLD CUP,Emblema / Badge,Álbum base
8,FWC7,FWC 7,MEXICO - HOST COUNTRY EMBLEM,,,,FIFA WORLD CUP,Emblema / Badge,Álbum base
9,FWC8,FWC 8,USA - HOST COUNTRY EMBLEM,,,,FIFA WORLD CUP,Emblema / Badge,Álbum base
10,MEX1,MEX 1,BADGE,México,MEX,A,MEXICO,Emblema / Badge,Álbum base
11,MEX2,MEX 2,LUIS MALAGÓN,México,MEX,A,MEXICO,Jugador,Álbum base
12,MEX3,MEX 3,JOHAN VÁSQUEZ,México,MEX,A,MEXICO,Jugador,Álbum base
13,MEX4,MEX 4,JORGE SÁNCHEZ,México,MEX,A,MEXICO,Jugador,Álbum base
14,MEX5,MEX 5,CÉSAR MONTES,México,MEX,A,MEXICO,Jugador,Álbum base
15,MEX6,MEX 6,JESÚS GALLARDO,México,MEX,A,MEXICO,Jugador,Álbum base
16,MEX7,MEX 7,ISRAEL REYES,México,MEX,A,MEXICO,Jugador,Álbum base
17,MEX8,MEX 8,DIEGO LAINEZ,México,MEX,A,MEXICO,Jugador,Álbum base
18,MEX9,MEX 9,CARLOS RODRÍGUEZ,México,MEX,A,MEXICO,Jugador,Álbum base
19,MEX10,MEX 10,EDSON ÁLVAREZ,México,MEX,A,MEXICO,Jugador,Álbum base
20,MEX11,MEX 11,ORBELIN PINEDA,México,MEX,A,MEXICO,Jugador,Álbum base
21,MEX12,MEX 12,MARCEL RUIZ,México,MEX,A,MEXICO,Jugador,Álbum base
22,MEX13,MEX 13,SQUAD,México,MEX,A,MEXICO,Plantilla / Squad,Álbum base
23,MEX14,MEX 14,ÉRICK SÁNCHEZ,México,MEX,A,MEXICO,Jugador,Álbum base
24,MEX15,MEX 15,HIRVING LOZANO,México,MEX,A,MEXICO,Jugador,Álbum base
25,MEX16,MEX 16,SANTIAGO GIMÉNEZ,México,MEX,A,MEXICO,Jugador,Álbum base
26,MEX17,MEX 17,RAÚL JIMÉNEZ,México,MEX,A,MEXICO,Jugador,Álbum base
27,MEX18,MEX 18,ALEXIS VEGA,México,MEX,A,MEXICO,Jugador,Álbum base
28,MEX19,MEX 19,ROBERTO ALVARADO,México,MEX,A,MEXICO,Jugador,Álbum base
29,MEX20,MEX 20,CÉSAR HUERTA,México,MEX,A,MEXICO,Jugador,Álbum base
30,RSA1,RSA 1,BADGE,Sudáfrica,RSA,A,SOUTH AFRICA,Emblema / Badge,Álbum base
31,RSA2,RSA 2,RONWEN WILLIAMS,Sudáfrica,RSA,A,SOUTH AFRICA,Jugador,Álbum base
32,RSA3,RSA 3,SIPHO CHAINE,Sudáfrica,RSA,A,SOUTH AFRICA,Jugador,Álbum base
33,RSA4,RSA 4,AUBREY MODIBA,Sudáfrica,RSA,A,SOUTH AFRICA,Jugador,Álbum base
34,RSA5,RSA 5,SAMUKELE KABINI,Sudáfrica,RSA,A,SOUTH AFRICA,Jugador,Álbum base
35,RSA6,RSA 6,KHULISO MUDAU,Sudáfrica,RSA,A,SOUTH AFRICA,Jugador,Álbum base
36,RSA7,RSA 7,KHULUMANI NDAMANE,Sudáfrica,RSA,A,SOUTH AFRICA,Jugador,Álbum base
37,RSA8,RSA 8,SIYABONGA NGEZANA,Sudáfrica,RSA,A,SOUTH AFRICA,Jugador,Álbum base
38,RSA9,RSA 9,KHULISO MUDAU,Sudáfrica,RSA,A,SOUTH AFRICA,Jugador,Álbum base
39,RSA10,RSA 10,NKOSINATHI SIBISI,Sudáfrica,RSA,A,SOUTH AFRICA,Jugador,Álbum base
40,RSA11,RSA 11,TEBOHO MOKOENA,Sudáfrica,RSA,A,SOUTH AFRICA,Jugador,Álbum base
41,RSA12,RSA 12,THALENTE MBATHA,Sudáfrica,RSA,A,SOUTH AFRICA,Jugador,Álbum base
42,RSA13,RSA 13,SQUAD,Sudáfrica,RSA,A,SOUTH AFRICA,Plantilla / Squad,Álbum base
43,RSA14,RSA 14,BATHUSI AUBAAS,Sudáfrica,RSA,A,SOUTH AFRICA,Jugador,Álbum base
44,RSA15,RSA 15,YAYA SITHOLE,Sudáfrica,RSA,A,SOUTH AFRICA,Jugador,Álbum base
45,RSA16,RSA 16,SIPHO MBULE,Sudáfrica,RSA,A,SOUTH AFRICA,Jugador,Álbum base
46,RSA17,RSA 17,LYLE FOSTER,Sudáfrica,RSA,A,SOUTH AFRICA,Jugador,Álbum base
47,RSA18,RSA 18,IQRAAM RAYNERS,Sudáfrica,RSA,A,SOUTH AFRICA,Jugador,Álbum base
48,RSA19,RSA 19,MOHAU NKOTA,Sudáfrica,RSA,A,SOUTH AFRICA,Jugador,Álbum base
49,RSA20,RSA 20,OSWIN APPOLLIS,Sudáfrica,RSA,A,SOUTH AFRICA,Jugador,Álbum base
50,KOR1,KOR 1,BADGE,Corea del Sur,KOR,A,SOUTH KOREA,Emblema / Badge,Álbum base
51,KOR2,KOR 2,HYEONWOO JO,Corea del Sur,KOR,A,SOUTH KOREA,Jugador,Álbum base
52,KOR3,KOR 3,SEUNGGYU KIM,Corea del Sur,KOR,A,SOUTH KOREA,Jugador,Álbum base
53,KOR4,KOR 4,MINJAE KIM,Corea del Sur,KOR,A,SOUTH KOREA,Jugador,Álbum base
54,KOR5,KOR 5,YUMIN CHO,Corea del Sur,KOR,A,SOUTH KOREA,Jugador,Álbum base
55,KOR6,KOR 6,YOUNGWOO SEOL,Corea del Sur,KOR,A,SOUTH KOREA,Jugador,Álbum base
56,KOR7,KOR 7,HANBEOM LEE,Corea del Sur,KOR,A,SOUTH KOREA,Jugador,Álbum base
57,KOR8,KOR 8,TAESEOK LEE,Corea del Sur,KOR,A,SOUTH KOREA,Jugador,Álbum base
58,KOR9,KOR 9,MYUNGJAE LEE,Corea del Sur,KOR,A,SOUTH KOREA,Jugador,Álbum base
59,KOR10,KOR 10,JAESUNG LEE,Corea del Sur,KOR,A,SOUTH KOREA,Jugador,Álbum base
60,KOR11,KOR 11,INBEOM HWANG,Corea del Sur,KOR,A,SOUTH KOREA,Jugador,Álbum base
61,KOR12,KOR 12,KANGIN LEE,Corea del Sur,KOR,A,SOUTH KOREA,Jugador,Álbum base
62,KOR13,KOR 13,SQUAD,Corea del Sur,KOR,A,SOUTH KOREA,Plantilla / Squad,Álbum base
63,KOR14,KOR 14,SEUNGHO PAIK,Corea del Sur,KOR,A,SOUTH KOREA,Jugador,Álbum base
64,KOR15,KOR 15,JENS CASTROP,Corea del Sur,KOR,A,SOUTH KOREA,Jugador,Álbum base
65,KOR16,KOR 16,DONGGYEONG LEE,Corea del Sur,KOR,A,SOUTH KOREA,Jugador,Álbum base
66,KOR17,KOR 17,GUESUNG CHO,Corea del Sur,KOR,A,SOUTH KOREA,Jugador,Álbum base
67,KOR18,KOR 18,HEUNGMIN SON,Corea del Sur,KOR,A,SOUTH KOREA,Jugador,Álbum base
68,KOR19,KOR 19,HEECHAN HWANG,Corea del Sur,KOR,A,SOUTH KOREA,Jugador,Álbum base
69,KOR20,KOR 20,HYEONGYU OH,Corea del Sur,KOR,A,SOUTH KOREA,Jugador,Álbum base
70,CZE1,CZE 1,BADGE,Chequia,CZE,A,CZECHIA,Emblema / Badge,Álbum base
71,CZE2,CZE 2,MATĚJ KOVÁŘ,Chequia,CZE,A,CZECHIA,Jugador,Álbum base
72,CZE3,CZE 3,JINDŘICH STANĚK,Chequia,CZE,A,CZECHIA,Jugador,Álbum base
73,CZE4,CZE 4,LADISLAV KREJČÍ,Chequia,CZE,A,CZECHIA,Jugador,Álbum base
74,CZE5,CZE 5,VLADIMÍR COUFAL,Chequia,CZE,A,CZECHIA,Jugador,Álbum base
75,CZE6,CZE 6,JAROSLAV ZELENÝ,Chequia,CZE,A,CZECHIA,Jugador,Álbum base
76,CZE7,CZE 7,TOMÁŠ HOLEŠ,Chequia,CZE,A,CZECHIA,Jugador,Álbum base
77,CZE8,CZE 8,DAVID ZIMA,Chequia,CZE,A,CZECHIA,Jugador,Álbum base
78,CZE9,CZE 9,MICHAL SADÍLEK,Chequia,CZE,A,CZECHIA,Jugador,Álbum base
79,CZE10,CZE 10,LUKÁŠ PROVOD,Chequia,CZE,A,CZECHIA,Jugador,Álbum base
80,CZE11,CZE 11,LUKÁŠ ČERV,Chequia,CZE,A,CZECHIA,Jugador,Álbum base
81,CZE12,CZE 12,TOMÁŠ SOUČEK,Chequia,CZE,A,CZECHIA,Jugador,Álbum base
82,CZE13,CZE 13,SQUAD,Chequia,CZE,A,CZECHIA,Plantilla / Squad,Álbum base
83,CZE14,CZE 14,PAVEL ŠULC,Chequia,CZE,A,CZECHIA,Jugador,Álbum base
84,CZE15,CZE 15,MATĚJ VYDRA,Chequia,CZE,A,CZECHIA,Jugador,Álbum base
85,CZE16,CZE 16,VASIL KUŠEJ,Chequia,CZE,A,CZECHIA,Jugador,Álbum base
86,CZE17,CZE 17,TOMÁŠ CHORÝ,Chequia,CZE,A,CZECHIA,Jugador,Álbum base
87,CZE18,CZE 18,VÁCLAV ČERNÝ,Chequia,CZE,A,CZECHIA,Jugador,Álbum base
88,CZE19,CZE 19,ADAM HLOŽEK,Chequia,CZE,A,CZECHIA,Jugador,Álbum base
89,CZE20,CZE 20,PATRIK SCHICK,Chequia,CZE,A,CZECHIA,Jugador,Álbum base
90,CAN1,CAN 1,BADGE,Canadá,CAN,B,CANADA,Emblema / Badge,Álbum base
91,CAN2,CAN 2,DAYNE ST. CLAIR,Canadá,CAN,B,CANADA,Jugador,Álbum base
92,CAN3,CAN 3,ALPHONSO DAVIES,Canadá,CAN,B,CANADA,Jugador,Álbum base
93,CAN4,CAN 4,ALISTAIR JOHNSTON,Canadá,CAN,B,CANADA,Jugador,Álbum base
94,CAN5,CAN 5,SAMUEL ADEKUGBE,Canadá,CAN,B,CANADA,Jugador,Álbum base
95,CAN6,CAN 6,SAMUEL RICHIE LARVEA,Canadá,CAN,B,CANADA,Jugador,Álbum base
96,CAN7,CAN 7,DEREK CORNELIUS,Canadá,CAN,B,CANADA,Jugador,Álbum base
97,CAN8,CAN 8,MOÏSE BOMBITO,Canadá,CAN,B,CANADA,Jugador,Álbum base
98,CAN9,CAN 9,KAMAL MILLER,Canadá,CAN,B,CANADA,Jugador,Álbum base
99,CAN10,CAN 10,STEPHEN EUSTÁQUIO,Canadá,CAN,B,CANADA,Jugador,Álbum base
100,CAN11,CAN 11,ISMAËL KONÉ,Canadá,CAN,B,CANADA,Jugador,Álbum base
101,CAN12,CAN 12,JONATHAN OSORIO,Canadá,CAN,B,CANADA,Jugador,Álbum base
102,CAN13,CAN 13,SQUAD,Canadá,CAN,B,CANADA,Plantilla / Squad,Álbum base
103,CAN14,CAN 14,JACOB SHAFFELBURG,Canadá,CAN,B,CANADA,Jugador,Álbum base
104,CAN15,CAN 15,MATHIEU CHOINIÈRE,Canadá,CAN,B,CANADA,Jugador,Álbum base
105,CAN16,CAN 16,NIKO SIGUR,Canadá,CAN,B,CANADA,Jugador,Álbum base
106,CAN17,CAN 17,TAJON BUCHANAN,Canadá,CAN,B,CANADA,Jugador,Álbum base
107,CAN18,CAN 18,LIAM MILLAR,Canadá,CAN,B,CANADA,Jugador,Álbum base
108,CAN19,CAN 19,DYLE LARIN,Canadá,CAN,B,CANADA,Jugador,Álbum base
109,CAN20,CAN 20,JONATHAN DAVID,Canadá,CAN,B,CANADA,Jugador,Álbum base
110,BIH1,BIH 1,BADGE,Bosnia y Herzegovina,BIH,B,BOSNIA AND HERZEGOVINA,Emblema / Badge,Álbum base
111,BIH2,BIH 2,NIKOLA VASILJ,Bosnia y Herzegovina,BIH,B,BOSNIA AND HERZEGOVINA,Jugador,Álbum base
112,BIH3,BIH 3,AMAR DEDIĆ,Bosnia y Herzegovina,BIH,B,BOSNIA AND HERZEGOVINA,Jugador,Álbum base
113,BIH4,BIH 4,SEAD KOLAŠINAC,Bosnia y Herzegovina,BIH,B,BOSNIA AND HERZEGOVINA,Jugador,Álbum base
114,BIH5,BIH 5,TARIK MUHAREMOVIĆ,Bosnia y Herzegovina,BIH,B,BOSNIA AND HERZEGOVINA,Jugador,Álbum base
115,BIH6,BIH 6,NIHAD MUJAKIĆ,Bosnia y Herzegovina,BIH,B,BOSNIA AND HERZEGOVINA,Jugador,Álbum base
116,BIH7,BIH 7,NIKOLA KATIĆ,Bosnia y Herzegovina,BIH,B,BOSNIA AND HERZEGOVINA,Jugador,Álbum base
117,BIH8,BIH 8,AMIR HADŽIAHMETOVIĆ,Bosnia y Herzegovina,BIH,B,BOSNIA AND HERZEGOVINA,Jugador,Álbum base
118,BIH9,BIH 9,BENJAMIN TAHIROVIĆ,Bosnia y Herzegovina,BIH,B,BOSNIA AND HERZEGOVINA,Jugador,Álbum base
119,BIH10,BIH 10,ARMIN GIGOVIĆ,Bosnia y Herzegovina,BIH,B,BOSNIA AND HERZEGOVINA,Jugador,Álbum base
120,BIH11,BIH 11,IVAN ŠUNJIĆ,Bosnia y Herzegovina,BIH,B,BOSNIA AND HERZEGOVINA,Jugador,Álbum base
121,BIH12,BIH 12,IVAN BAŠIĆ,Bosnia y Herzegovina,BIH,B,BOSNIA AND HERZEGOVINA,Jugador,Álbum base
122,BIH13,BIH 13,SQUAD,Bosnia y Herzegovina,BIH,B,BOSNIA AND HERZEGOVINA,Plantilla / Squad,Álbum base
123,BIH14,BIH 14,DŽENIS BURNIĆ,Bosnia y Herzegovina,BIH,B,BOSNIA AND HERZEGOVINA,Jugador,Álbum base
124,BIH15,BIH 15,ESMIR BAJRAKTAREVIC,Bosnia y Herzegovina,BIH,B,BOSNIA AND HERZEGOVINA,Jugador,Álbum base
125,BIH16,BIH 16,AMAR MEMIĆ,Bosnia y Herzegovina,BIH,B,BOSNIA AND HERZEGOVINA,Jugador,Álbum base
126,BIH17,BIH 17,ERMEDIN DEMIROVIĆ,Bosnia y Herzegovina,BIH,B,BOSNIA AND HERZEGOVINA,Jugador,Álbum base
127,BIH18,BIH 18,EDIN DŽEKO,Bosnia y Herzegovina,BIH,B,BOSNIA AND HERZEGOVINA,Jugador,Álbum base
128,BIH19,BIH 19,SAMED BAŽDAR,Bosnia y Herzegovina,BIH,B,BOSNIA AND HERZEGOVINA,Jugador,Álbum base
129,BIH20,BIH 20,HARIS TABAKOVIĆ,Bosnia y Herzegovina,BIH,B,BOSNIA AND HERZEGOVINA,Jugador,Álbum base
130,QAT1,QAT 1,BADGE,Qatar,QAT,B,QATAR,Emblema / Badge,Álbum base
131,QAT2,QAT 2,MESHAAL BARSHAM,Qatar,QAT,B,QATAR,Jugador,Álbum base
132,QAT3,QAT 3,SULTAN ALBRAKE,Qatar,QAT,B,QATAR,Jugador,Álbum base
133,QAT4,QAT 4,LUCAS MENDES,Qatar,QAT,B,QATAR,Jugador,Álbum base
134,QAT5,QAT 5,HOMAM AHMED,Qatar,QAT,B,QATAR,Jugador,Álbum base
135,QAT6,QAT 6,BOUALEM KHOUKHI,Qatar,QAT,B,QATAR,Jugador,Álbum base
136,QAT7,QAT 7,PEDRO MIGUEL,Qatar,QAT,B,QATAR,Jugador,Álbum base
137,QAT8,QAT 8,TAREK SALMAN,Qatar,QAT,B,QATAR,Jugador,Álbum base
138,QAT9,QAT 9,MOHAMMED MANNAI,Qatar,QAT,B,QATAR,Jugador,Álbum base
139,QAT10,QAT 10,KARIM BOUDIAF,Qatar,QAT,B,QATAR,Jugador,Álbum base
140,QAT11,QAT 11,ASSIM MADIBO,Qatar,QAT,B,QATAR,Jugador,Álbum base
141,QAT12,QAT 12,HAMED FATEHI,Qatar,QAT,B,QATAR,Jugador,Álbum base
142,QAT13,QAT 13,SQUAD,Qatar,QAT,B,QATAR,Plantilla / Squad,Álbum base
143,QAT14,QAT 14,MOHAMMED WAAD,Qatar,QAT,B,QATAR,Jugador,Álbum base
144,QAT15,QAT 15,ABDULAZIZ HATEM,Qatar,QAT,B,QATAR,Jugador,Álbum base
145,QAT16,QAT 16,HASSAN AL-HYDOS,Qatar,QAT,B,QATAR,Jugador,Álbum base
146,QAT17,QAT 17,EDMILSON JUNIOR,Qatar,QAT,B,QATAR,Jugador,Álbum base
147,QAT18,QAT 18,AKRAM HASSAN AFIF,Qatar,QAT,B,QATAR,Jugador,Álbum base
148,QAT19,QAT 19,AHMED AL-GANEHI,Qatar,QAT,B,QATAR,Jugador,Álbum base
149,QAT20,QAT 20,ALMOEZ ALI,Qatar,QAT,B,QATAR,Jugador,Álbum base
150,SUI1,SUI 1,BADGE,Suiza,SUI,B,SWITZERLAND,Emblema / Badge,Álbum base
151,SUI2,SUI 2,GREGOR KOBEL,Suiza,SUI,B,SWITZERLAND,Jugador,Álbum base
152,SUI3,SUI 3,YVON MVOGO,Suiza,SUI,B,SWITZERLAND,Jugador,Álbum base
153,SUI4,SUI 4,MANUEL AKANJI,Suiza,SUI,B,SWITZERLAND,Jugador,Álbum base
154,SUI5,SUI 5,RICARDO RODRÍGUEZ,Suiza,SUI,B,SWITZERLAND,Jugador,Álbum base
155,SUI6,SUI 6,NICO ELVEDI,Suiza,SUI,B,SWITZERLAND,Jugador,Álbum base
156,SUI7,SUI 7,AURÈLE AMENDA,Suiza,SUI,B,SWITZERLAND,Jugador,Álbum base
157,SUI8,SUI 8,SILVAN WIDMER,Suiza,SUI,B,SWITZERLAND,Jugador,Álbum base
158,SUI9,SUI 9,GRANIT XHAKA,Suiza,SUI,B,SWITZERLAND,Jugador,Álbum base
159,SUI10,SUI 10,DENIS ZAKARIA,Suiza,SUI,B,SWITZERLAND,Jugador,Álbum base
160,SUI11,SUI 11,REMO FREULER,Suiza,SUI,B,SWITZERLAND,Jugador,Álbum base
161,SUI12,SUI 12,FABIAN RIEDER,Suiza,SUI,B,SWITZERLAND,Jugador,Álbum base
162,SUI13,SUI 13,SQUAD,Suiza,SUI,B,SWITZERLAND,Plantilla / Squad,Álbum base
163,SUI14,SUI 14,ARDON JASHARI,Suiza,SUI,B,SWITZERLAND,Jugador,Álbum base
164,SUI15,SUI 15,JOHAN MANZAMBI,Suiza,SUI,B,SWITZERLAND,Jugador,Álbum base
165,SUI16,SUI 16,MICHEL AEBISCHER,Suiza,SUI,B,SWITZERLAND,Jugador,Álbum base
166,SUI17,SUI 17,BREEL EMBOLO,Suiza,SUI,B,SWITZERLAND,Jugador,Álbum base
167,SUI18,SUI 18,RUBÉN VATGAS,Suiza,SUI,B,SWITZERLAND,Jugador,Álbum base
168,SUI19,SUI 19,DAN NDOYE,Suiza,SUI,B,SWITZERLAND,Jugador,Álbum base
169,SUI20,SUI 20,ZEKI AMDOUNI,Suiza,SUI,B,SWITZERLAND,Jugador,Álbum base
170,BRA1,BRA 1,BADGE,Brasil,BRA,C,BRAZIL,Emblema / Badge,Álbum base
171,BRA2,BRA 2,ALISSON,Brasil,BRA,C,BRAZIL,Jugador,Álbum base
172,BRA3,BRA 3,BENTO,Brasil,BRA,C,BRAZIL,Jugador,Álbum base
173,BRA4,BRA 4,MARQUINHOS,Brasil,BRA,C,BRAZIL,Jugador,Álbum base
174,BRA5,BRA 5,ÉDER MILITÃO,Brasil,BRA,C,BRAZIL,Jugador,Álbum base
175,BRA6,BRA 6,GABRIEL MAGALHÃES,Brasil,BRA,C,BRAZIL,Jugador,Álbum base
176,BRA7,BRA 7,DANILO,Brasil,BRA,C,BRAZIL,Jugador,Álbum base
177,BRA8,BRA 8,WESLEY,Brasil,BRA,C,BRAZIL,Jugador,Álbum base
178,BRA9,BRA 9,LUCAS PAQUETÁ,Brasil,BRA,C,BRAZIL,Jugador,Álbum base
179,BRA10,BRA 10,CASEMIEMIRO,Brasil,BRA,C,BRAZIL,Jugador,Álbum base
180,BRA11,BRA 11,BRUNO GUIMARÃES,Brasil,BRA,C,BRAZIL,Jugador,Álbum base
181,BRA12,BRA 12,LUIZ HENRIQUE,Brasil,BRA,C,BRAZIL,Jugador,Álbum base
182,BRA13,BRA 13,SQUAD,Brasil,BRA,C,BRAZIL,Plantilla / Squad,Álbum base
183,BRA14,BRA 14,VINICIUS JÚNIOR,Brasil,BRA,C,BRAZIL,Jugador,Álbum base
184,BRA15,BRA 15,RODRYGO,Brasil,BRA,C,BRAZIL,Jugador,Álbum base
185,BRA16,BRA 16,JOÃO PEDRO,Brasil,BRA,C,BRAZIL,Jugador,Álbum base
186,BRA17,BRA 17,MATHEUS CUNHA,Brasil,BRA,C,BRAZIL,Jugador,Álbum base
187,BRA18,BRA 18,GABRIEL MARTINELLI,Brasil,BRA,C,BRAZIL,Jugador,Álbum base
188,BRA19,BRA 19,RAPHINHA,Brasil,BRA,C,BRAZIL,Jugador,Álbum base
189,BRA20,BRA 20,ESTÉVÃO,Brasil,BRA,C,BRAZIL,Jugador,Álbum base
190,MAR1,MAR 1,BADGE,Marruecos,MAR,C,MOROCCO,Emblema / Badge,Álbum base
191,MAR2,MAR 2,YASSINE BOUNOU,Marruecos,MAR,C,MOROCCO,Jugador,Álbum base
192,MAR3,MAR 3,MUNIR EL KAJOUI,Marruecos,MAR,C,MOROCCO,Jugador,Álbum base
193,MAR4,MAR 4,ACHRAF HAKIMI,Marruecos,MAR,C,MOROCCO,Jugador,Álbum base
194,MAR5,MAR 5,NOUSSAIR MAZRAOUI,Marruecos,MAR,C,MOROCCO,Jugador,Álbum base
195,MAR6,MAR 6,NAYEF AGUERD,Marruecos,MAR,C,MOROCCO,Jugador,Álbum base
196,MAR7,MAR 7,ROMAIN SAÏSS,Marruecos,MAR,C,MOROCCO,Jugador,Álbum base
197,MAR8,MAR 8,JAWAD EL YAMIQ,Marruecos,MAR,C,MOROCCO,Jugador,Álbum base
198,MAR9,MAR 9,ADAM MASINA,Marruecos,MAR,C,MOROCCO,Jugador,Álbum base
199,MAR10,MAR 10,SOFYAN AMRABAT,Marruecos,MAR,C,MOROCCO,Jugador,Álbum base
200,MAR11,MAR 11,AZZEDINE OUNAHI,Marruecos,MAR,C,MOROCCO,Jugador,Álbum base
201,MAR12,MAR 12,ELIESSE BEN SEGHIR,Marruecos,MAR,C,MOROCCO,Jugador,Álbum base
202,MAR13,MAR 13,SQUAD,Marruecos,MAR,C,MOROCCO,Plantilla / Squad,Álbum base
203,MAR14,MAR 14,BILAL EL KHANNOUSS,Marruecos,MAR,C,MOROCCO,Jugador,Álbum base
204,MAR15,MAR 15,ISMAEL SAIBARI,Marruecos,MAR,C,MOROCCO,Jugador,Álbum base
205,MAR16,MAR 16,YOUSSEF EN-NESYRI,Marruecos,MAR,C,MOROCCO,Jugador,Álbum base
206,MAR17,MAR 17,ABDE EZZALZOULI,Marruecos,MAR,C,MOROCCO,Jugador,Álbum base
207,MAR18,MAR 18,SOUFIANE RAHIMI,Marruecos,MAR,C,MOROCCO,Jugador,Álbum base
208,MAR19,MAR 19,BRAHIM DÍAZ,Marruecos,MAR,C,MOROCCO,Jugador,Álbum base
209,MAR20,MAR 20,AYOUB EL KAABI,Marruecos,MAR,C,MOROCCO,Jugador,Álbum base
210,HTI1,HTI 1,BADGE,Haití,HTI,C,HAITI,Emblema / Badge,Álbum base
211,HTI2,HTI 2,JOHNY PLACIDE,Haití,HTI,C,HAITI,Jugador,Álbum base
212,HTI3,HTI 3,CARLENS ARCUS,Haití,HTI,C,HAITI,Jugador,Álbum base
213,HTI4,HTI 4,MARTIN EXPÉRIENCE,Haití,HTI,C,HAITI,Jugador,Álbum base
214,HTI5,HTI 5,JEAN-KÉVIN DUVERNE,Haití,HTI,C,HAITI,Jugador,Álbum base
215,HTI6,HTI 6,RICARDO ADÉ,Haití,HTI,C,HAITI,Jugador,Álbum base
216,HTI7,HTI 7,DUKE LACROIX,Haití,HTI,C,HAITI,Jugador,Álbum base
217,HTI8,HTI 8,GARVEN METUSALA,Haití,HTI,C,HAITI,Jugador,Álbum base
218,HTI9,HTI 9,HANNES DELCROIX,Haití,HTI,C,HAITI,Jugador,Álbum base
219,HTI10,HTI 10,LEVERTON PIERRE,Haití,HTI,C,HAITI,Jugador,Álbum base
220,HTI11,HTI 11,DANLEY JEAN JACQUES,Haití,HTI,C,HAITI,Jugador,Álbum base
221,HTI12,HTI 12,JEAN-RICNER BELLEGARDE,Haití,HTI,C,HAITI,Jugador,Álbum base
222,HTI13,HTI 13,SQUAD,Haití,HTI,C,HAITI,Plantilla / Squad,Álbum base
223,HTI14,HTI 14,CHRISTOPHER ATTYS,Haití,HTI,C,HAITI,Jugador,Álbum base
224,HTI15,HTI 15,DERRICK ETIENNE JR.,Haití,HTI,C,HAITI,Jugador,Álbum base
225,HTI16,HTI 16,JOSUÉ CASIMIR,Haití,HTI,C,HAITI,Jugador,Álbum base
226,HTI17,HTI 17,RUBEN PROVIDENCE,Haití,HTI,C,HAITI,Jugador,Álbum base
227,HTI18,HTI 18,DUCKENS NAZON,Haití,HTI,C,HAITI,Jugador,Álbum base
228,HTI19,HTI 19,LOUICIUS DEEDSON,Haití,HTI,C,HAITI,Jugador,Álbum base
229,HTI20,HTI 20,FRANTZDY PIERROT,Haití,HTI,C,HAITI,Jugador,Álbum base
230,SCO1,SCO 1,BADGE,Escocia,SCO,C,SCOTLAND,Emblema / Badge,Álbum base
231,SCO2,SCO 2,ANGUS GUNN,Escocia,SCO,C,SCOTLAND,Jugador,Álbum base
232,SCO3,SCO 3,JACK HENDRY,Escocia,SCO,C,SCOTLAND,Jugador,Álbum base
233,SCO4,SCO 4,KIERAN TIERNEY,Escocia,SCO,C,SCOTLAND,Jugador,Álbum base
234,SCO5,SCO 5,AARON HICKEY,Escocia,SCO,C,SCOTLAND,Jugador,Álbum base
235,SCO6,SCO 6,ANDREW ROBERTSON,Escocia,SCO,C,SCOTLAND,Jugador,Álbum base
236,SCO7,SCO 7,SCOTT MCKENNA,Escocia,SCO,C,SCOTLAND,Jugador,Álbum base
237,SCO8,SCO 8,JOHN SOUTTAR,Escocia,SCO,C,SCOTLAND,Jugador,Álbum base
238,SCO9,SCO 9,ANTHONY RALSTON,Escocia,SCO,C,SCOTLAND,Jugador,Álbum base
239,SCO10,SCO 10,GRANT HANLEY,Escocia,SCO,C,SCOTLAND,Jugador,Álbum base
240,SCO11,SCO 11,SCOTT MCTOMINAY,Escocia,SCO,C,SCOTLAND,Jugador,Álbum base
241,SCO12,SCO 12,BILLY GILMOUR,Escocia,SCO,C,SCOTLAND,Jugador,Álbum base
242,SCO13,SCO 13,SQUAD,Escocia,SCO,C,SCOTLAND,Plantilla / Squad,Álbum base
243,SCO14,SCO 14,LEWIS FERGUSON,Escocia,SCO,C,SCOTLAND,Jugador,Álbum base
244,SCO15,SCO 15,RYAN CHRISTIE,Escocia,SCO,C,SCOTLAND,Jugador,Álbum base
245,SCO16,SCO 16,KENNY MCLEAN,Escocia,SCO,C,SCOTLAND,Jugador,Álbum base
246,SCO17,SCO 17,JOHN MCGINN,Escocia,SCO,C,SCOTLAND,Jugador,Álbum base
247,SCO18,SCO 18,LYNDON DYKES,Escocia,SCO,C,SCOTLAND,Jugador,Álbum base
248,SCO19,SCO 19,CHÉ ADAMS,Escocia,SCO,C,SCOTLAND,Jugador,Álbum base
249,SCO20,SCO 20,BEN GANNON-DOAK,Escocia,SCO,C,SCOTLAND,Jugador,Álbum base
250,USA1,USA 1,BADGE,Estados Unidos,USA,D,UNITED STATES,Emblema / Badge,Álbum base
251,USA2,USA 2,MATT FREESE,Estados Unidos,USA,D,UNITED STATES,Jugador,Álbum base
252,USA3,USA 3,CHRIS RICHARDS,Estados Unidos,USA,D,UNITED STATES,Jugador,Álbum base
253,USA4,USA 4,TIM REAM,Estados Unidos,USA,D,UNITED STATES,Jugador,Álbum base
254,USA5,USA 5,MARK MCKENZIE,Estados Unidos,USA,D,UNITED STATES,Jugador,Álbum base
255,USA6,USA 6,ALEX FREEMAN,Estados Unidos,USA,D,UNITED STATES,Jugador,Álbum base
256,USA7,USA 7,ANTONEE ROBINSON,Estados Unidos,USA,D,UNITED STATES,Jugador,Álbum base
257,USA8,USA 8,TYLER ADAMS,Estados Unidos,USA,D,UNITED STATES,Jugador,Álbum base
258,USA9,USA 9,TANNER TESSMANN,Estados Unidos,USA,D,UNITED STATES,Jugador,Álbum base
259,USA10,USA 10,WESTON MCKENNY,Estados Unidos,USA,D,UNITED STATES,Jugador,Álbum base
260,USA11,USA 11,CHRISTIAN ROLDAN,Estados Unidos,USA,D,UNITED STATES,Jugador,Álbum base
261,USA12,USA 12,TIMOTHY WEAH,Estados Unidos,USA,D,UNITED STATES,Jugador,Álbum base
262,USA13,USA 13,SQUAD,Estados Unidos,USA,D,UNITED STATES,Plantilla / Squad,Álbum base
263,USA14,USA 14,DIEGO LUNA,Estados Unidos,USA,D,UNITED STATES,Jugador,Álbum base
264,USA15,USA 15,MALIK TILLMAN,Estados Unidos,USA,D,UNITED STATES,Jugador,Álbum base
265,USA16,USA 16,CHRISTIAN PULISIC,Estados Unidos,USA,D,UNITED STATES,Jugador,Álbum base
266,USA17,USA 17,BRENDEN AARONSON,Estados Unidos,USA,D,UNITED STATES,Jugador,Álbum base
267,USA18,USA 18,RICARDO PEPI,Estados Unidos,USA,D,UNITED STATES,Jugador,Álbum base
268,USA19,USA 19,HAJI WRIGHT,Estados Unidos,USA,D,UNITED STATES,Jugador,Álbum base
269,USA20,USA 20,FOLARIN BALOGUN,Estados Unidos,USA,D,UNITED STATES,Jugador,Álbum base
270,PAR1,PAR 1,BADGE,Paraguay,PAR,D,PARAGUAY,Emblema / Badge,Álbum base
271,PAR2,PAR 2,ROBERTO FERNÁNDEZ,Paraguay,PAR,D,PARAGUAY,Jugador,Álbum base
272,PAR3,PAR 3,ORLANDO GILL,Paraguay,PAR,D,PARAGUAY,Jugador,Álbum base
273,PAR4,PAR 4,DIEGO GÓMEZ,Paraguay,PAR,D,PARAGUAY,Jugador,Álbum base
274,PAR5,PAR 5,FABIÁN BALBUENA,Paraguay,PAR,D,PARAGUAY,Jugador,Álbum base
275,PAR6,PAR 6,JUAN JOSÉ CÁCERES,Paraguay,PAR,D,PARAGUAY,Jugador,Álbum base
276,PAR7,PAR 7,OMAR ALDERETE,Paraguay,PAR,D,PARAGUAY,Jugador,Álbum base
277,PAR8,PAR 8,JÚNIOR ALONSO,Paraguay,PAR,D,PARAGUAY,Jugador,Álbum base
278,PAR9,PAR 9,MATHÍAS VILLASANTI,Paraguay,PAR,D,PARAGUAY,Jugador,Álbum base
279,PAR10,PAR 10,DIEGO GÓMEZ,Paraguay,PAR,D,PARAGUAY,Jugador,Álbum base
280,PAR11,PAR 11,DAMIÁN BOBADILLA,Paraguay,PAR,D,PARAGUAY,Jugador,Álbum base
281,PAR12,PAR 12,ANDRÉS CUBAS,Paraguay,PAR,D,PARAGUAY,Jugador,Álbum base
282,PAR13,PAR 13,SQUAD,Paraguay,PAR,D,PARAGUAY,Plantilla / Squad,Álbum base
283,PAR14,PAR 14,MATÍAS GALARZA FONDA,Paraguay,PAR,D,PARAGUAY,Jugador,Álbum base
284,PAR15,PAR 15,JULIO ENCISO,Paraguay,PAR,D,PARAGUAY,Jugador,Álbum base
285,PAR16,PAR 16,ALEJANDRO ROMERO GAMARRA,Paraguay,PAR,D,PARAGUAY,Jugador,Álbum base
286,PAR17,PAR 17,MIGUEL ALMIRÓN,Paraguay,PAR,D,PARAGUAY,Jugador,Álbum base
287,PAR18,PAR 18,RAMÓN SOSA,Paraguay,PAR,D,PARAGUAY,Jugador,Álbum base
288,PAR19,PAR 19,ÁNGEL ROMERO,Paraguay,PAR,D,PARAGUAY,Jugador,Álbum base
289,PAR20,PAR 20,ANTONIO SANABRIA,Paraguay,PAR,D,PARAGUAY,Jugador,Álbum base
290,AUS1,AUS 1,BADGE,Australia,AUS,D,AUSTRALIA,Emblema / Badge,Álbum base
291,AUS2,AUS 2,MATHEW RYAN,Australia,AUS,D,AUSTRALIA,Jugador,Álbum base
292,AUS3,AUS 3,JOE GAUCI,Australia,AUS,D,AUSTRALIA,Jugador,Álbum base
293,AUS4,AUS 4,HARRY SOUTTAR,Australia,AUS,D,AUSTRALIA,Jugador,Álbum base
294,AUS5,AUS 5,ALESSANDRO CIRCATI,Australia,AUS,D,AUSTRALIA,Jugador,Álbum base
295,AUS6,AUS 6,JORDAN BOS,Australia,AUS,D,AUSTRALIA,Jugador,Álbum base
296,AUS7,AUS 7,AZIZ BEHICH,Australia,AUS,D,AUSTRALIA,Jugador,Álbum base
297,AUS8,AUS 8,CAMERON BURGESS,Australia,AUS,D,AUSTRALIA,Jugador,Álbum base
298,AUS9,AUS 9,LEWIS MILLER,Australia,AUS,D,AUSTRALIA,Jugador,Álbum base
299,AUS10,AUS 10,MILOS DEGENEK,Australia,AUS,D,AUSTRALIA,Jugador,Álbum base
300,AUS11,AUS 11,JACKSON IRVINE,Australia,AUS,D,AUSTRALIA,Jugador,Álbum base
301,AUS12,AUS 12,RILEY MCGREE,Australia,AUS,D,AUSTRALIA,Jugador,Álbum base
302,AUS13,AUS 13,SQUAD,Australia,AUS,D,AUSTRALIA,Plantilla / Squad,Álbum base
303,AUS14,AUS 14,AIDEN O'NEILL,Australia,AUS,D,AUSTRALIA,Jugador,Álbum base
304,AUS15,AUS 15,CONNOR METCALFE,Australia,AUS,D,AUSTRALIA,Jugador,Álbum base
305,AUS16,AUS 16,PATRICK YAZBEK,Australia,AUS,D,AUSTRALIA,Jugador,Álbum base
306,AUS17,AUS 17,CRAIG GOODWIN,Australia,AUS,D,AUSTRALIA,Jugador,Álbum base
307,AUS18,AUS 18,KUSINI YENGI,Australia,AUS,D,AUSTRALIA,Jugador,Álbum base
308,AUS19,AUS 19,NESTORY IRANKUNDA,Australia,AUS,D,AUSTRALIA,Jugador,Álbum base
309,AUS20,AUS 20,MOHAMED TOURÉ,Australia,AUS,D,AUSTRALIA,Jugador,Álbum base
310,TUR1,TUR 1,BADGE,Turquía,TUR,D,TURKEY,Emblema / Badge,Álbum base
311,TUR2,TUR 2,UĞURCAN ÇAKIR,Turquía,TUR,D,TURKEY,Jugador,Álbum base
312,TUR3,TUR 3,MERT MÜLDÜR,Turquía,TUR,D,TURKEY,Jugador,Álbum base
313,TUR4,TUR 4,ZEKI ÇELIK,Turquía,TUR,D,TURKEY,Jugador,Álbum base
314,TUR5,TUR 5,ABDÜLKEREÍM BARDAKGI,Turquía,TUR,D,TURKEY,Jugador,Álbum base
315,TUR6,TUR 6,ÇAĞLAR SÖYÜNCÜ,Turquía,TUR,D,TURKEY,Jugador,Álbum base
316,TUR7,TUR 7,MERIH DEMIRAL,Turquía,TUR,D,TURKEY,Jugador,Álbum base
317,TUR8,TUR 8,FERDI KADIOĞLU,Turquía,TUR,D,TURKEY,Jugador,Álbum base
318,TUR9,TUR 9,KAAN AYHAN,Turquía,TUR,D,TURKEY,Jugador,Álbum base
319,TUR10,TUR 10,ISMAIL YÜKSEK,Turquía,TUR,D,TURKEY,Jugador,Álbum base
320,TUR11,TUR 11,HAKAN ÇALHANOĞLU,Turquía,TUR,D,TURKEY,Jugador,Álbum base
321,TUR12,TUR 12,ORKUN KÖKÇÜ,Turquía,TUR,D,TURKEY,Jugador,Álbum base
322,TUR13,TUR 13,SQUAD,Turquía,TUR,D,TURKEY,Plantilla / Squad,Álbum base
323,TUR14,TUR 14,ARDA GÜLER,Turquía,TUR,D,TURKEY,Jugador,Álbum base
324,TUR15,TUR 15,IRFAN CAN KAHVECI,Turquía,TUR,D,TURKEY,Jugador,Álbum base
325,TUR16,TUR 16,YUNUS AKGÜN,Turquía,TUR,D,TURKEY,Jugador,Álbum base
326,TUR17,TUR 17,CAN UZUN,Turquía,TUR,D,TURKEY,Jugador,Álbum base
327,TUR18,TUR 18,BARIŞ ALPER YILMAZ,Turquía,TUR,D,TURKEY,Jugador,Álbum base
328,TUR19,TUR 19,KEREM AKTÜRKOĞLU,Turquía,TUR,D,TURKEY,Jugador,Álbum base
329,TUR20,TUR 20,KENAN YILDIZ,Turquía,TUR,D,TURKEY,Jugador,Álbum base
330,GER1,GER 1,BADGE,Alemania,GER,E,GERMANY,Emblema / Badge,Álbum base
331,GER2,GER 2,MARC-ANDRÉ TER STEGEN,Alemania,GER,E,GERMANY,Jugador,Álbum base
332,GER3,GER 3,JONATHAN TAH,Alemania,GER,E,GERMANY,Jugador,Álbum base
333,GER4,GER 4,DAVID RAUM,Alemania,GER,E,GERMANY,Jugador,Álbum base
334,GER5,GER 5,NICO SCHLOTTERBECK,Alemania,GER,E,GERMANY,Jugador,Álbum base
335,GER6,GER 6,ANTONIO RÜDIGER,Alemania,GER,E,GERMANY,Jugador,Álbum base
336,GER7,GER 7,WALDEMAR ANTON,Alemania,GER,E,GERMANY,Jugador,Álbum base
337,GER8,GER 8,RIDLE BAKU,Alemania,GER,E,GERMANY,Jugador,Álbum base
338,GER9,GER 9,MAXIMILIAN MITTELSTADT,Alemania,GER,E,GERMANY,Jugador,Álbum base
339,GER10,GER 10,JOSHUA KIMMICH,Alemania,GER,E,GERMANY,Jugador,Álbum base
340,GER11,GER 11,FLORIAN WIRTZ,Alemania,GER,E,GERMANY,Jugador,Álbum base
341,GER12,GER 12,FELIX NMECHA,Alemania,GER,E,GERMANY,Jugador,Álbum base
342,GER13,GER 13,SQUAD,Alemania,GER,E,GERMANY,Plantilla / Squad,Álbum base
343,GER14,GER 14,LEON GORETZKA,Alemania,GER,E,GERMANY,Jugador,Álbum base
344,GER15,GER 15,JAMAL MUSIALA,Alemania,GER,E,GERMANY,Jugador,Álbum base
345,GER16,GER 16,SERGE GNABRY,Alemania,GER,E,GERMANY,Jugador,Álbum base
346,GER17,GER 17,KAI HAVERTZ,Alemania,GER,E,GERMANY,Jugador,Álbum base
347,GER18,GER 18,LEROY SANÉ,Alemania,GER,E,GERMANY,Jugador,Álbum base
348,GER19,GER 19,KARIM ADEYEMI,Alemania,GER,E,GERMANY,Jugador,Álbum base
349,GER20,GER 20,NICK WOLTEMADE,Alemania,GER,E,GERMANY,Jugador,Álbum base
350,CUW1,CUW 1,BADGE,Curazao,CUW,E,CURAÇAO,Emblema / Badge,Álbum base
351,CUW2,CUW 2,ELOY ROOM,Curazao,CUW,E,CURAÇAO,Jugador,Álbum base
352,CUW3,CUW 3,ARMANDO OBISPO,Curazao,CUW,E,CURAÇAO,Jugador,Álbum base
353,CUW4,CUW 4,SHEREL FLORANUS,Curazao,CUW,E,CURAÇAO,Jugador,Álbum base
354,CUW5,CUW 5,JURIEN GAARI,Curazao,CUW,E,CURAÇAO,Jugador,Álbum base
355,CUW6,CUW 6,JOSHUA BREMET,Curazao,CUW,E,CURAÇAO,Jugador,Álbum base
356,CUW7,CUW 7,ROSHON VAN EIJMA,Curazao,CUW,E,CURAÇAO,Jugador,Álbum base
357,CUW8,CUW 8,SHURANDY SAMBO,Curazao,CUW,E,CURAÇAO,Jugador,Álbum base
358,CUW9,CUW 9,LIVANO COMENENCIA,Curazao,CUW,E,CURAÇAO,Jugador,Álbum base
359,CUW10,CUW 10,GODFRIED ROEMERATOE,Curazao,CUW,E,CURAÇAO,Jugador,Álbum base
360,CUW11,CUW 11,JUNINHO BACUNA,Curazao,CUW,E,CURAÇAO,Jugador,Álbum base
361,CUW12,CUW 12,LEANDRO BACUNA,Curazao,CUW,E,CURAÇAO,Jugador,Álbum base
362,CUW13,CUW 13,SQUAD,Curazao,CUW,E,CURAÇAO,Plantilla / Squad,Álbum base
363,CUW14,CUW 14,TAHITH CHONG,Curazao,CUW,E,CURAÇAO,Jugador,Álbum base
364,CUW15,CUW 15,KENJI GORRÉ,Curazao,CUW,E,CURAÇAO,Jugador,Álbum base
365,CUW16,CUW 16,JEARL MARGARITHA,Curazao,CUW,E,CURAÇAO,Jugador,Álbum base
366,CUW17,CUW 17,JÜRGEN LOCADIA,Curazao,CUW,E,CURAÇAO,Jugador,Álbum base
367,CUW18,CUW 18,JEREMY ANTONISSE,Curazao,CUW,E,CURAÇAO,Jugador,Álbum base
368,CUW19,CUW 19,GERVANE KASTANEER,Curazao,CUW,E,CURAÇAO,Jugador,Álbum base
369,CUW20,CUW 20,SONTJE HANSEN,Curazao,CUW,E,CURAÇAO,Jugador,Álbum base
370,CIV1,CIV 1,BADGE,Costa de Marfil,CIV,E,IVORY COAST,Emblema / Badge,Álbum base
371,CIV2,CIV 2,YAHIA FOFANA,Costa de Marfil,CIV,E,IVORY COAST,Jugador,Álbum base
372,CIV3,CIV 3,GHISLAIN KONAN,Costa de Marfil,CIV,E,IVORY COAST,Jugador,Álbum base
373,CIV4,CIV 4,WILFRIED SINGO,Costa de Marfil,CIV,E,IVORY COAST,Jugador,Álbum base
374,CIV5,CIV 5,ODILON KOSSOUNOU,Costa de Marfil,CIV,E,IVORY COAST,Jugador,Álbum base
375,CIV6,CIV 6,EVAN NDICKA,Costa de Marfil,CIV,E,IVORY COAST,Jugador,Álbum base
376,CIV7,CIV 7,WILLY BOLY,Costa de Marfil,CIV,E,IVORY COAST,Jugador,Álbum base
377,CIV8,CIV 8,EMMANUEL AGBADOU,Costa de Marfil,CIV,E,IVORY COAST,Jugador,Álbum base
378,CIV9,CIV 9,OUSMANE DIOMANDE,Costa de Marfil,CIV,E,IVORY COAST,Jugador,Álbum base
379,CIV10,CIV 10,FRANCK KESSIÉ,Costa de Marfil,CIV,E,IVORY COAST,Jugador,Álbum base
380,CIV11,CIV 11,SEKO FOFANA,Costa de Marfil,CIV,E,IVORY COAST,Jugador,Álbum base
381,CIV12,CIV 12,IBRAHIM SANGARÉ,Costa de Marfil,CIV,E,IVORY COAST,Jugador,Álbum base
382,CIV13,CIV 13,SQUAD,Costa de Marfil,CIV,E,IVORY COAST,Plantilla / Squad,Álbum base
383,CIV14,CIV 14,JEAN-PHILIPPE GBAMIN,Costa de Marfil,CIV,E,IVORY COAST,Jugador,Álbum base
384,CIV15,CIV 15,AMAD DIALLO,Costa de Marfil,CIV,E,IVORY COAST,Jugador,Álbum base
385,CIV16,CIV 16,SÉBASTIEN HALLER,Costa de Marfil,CIV,E,IVORY COAST,Jugador,Álbum base
386,CIV17,CIV 17,SIMON ADINGRA,Costa de Marfil,CIV,E,IVORY COAST,Jugador,Álbum base
387,CIV18,CIV 18,YAN DIOMANDE,Costa de Marfil,CIV,E,IVORY COAST,Jugador,Álbum base
388,CIV19,CIV 19,EVANN GUESSAND,Costa de Marfil,CIV,E,IVORY COAST,Jugador,Álbum base
389,CIV20,CIV 20,OUMAR DIAKITÉ,Costa de Marfil,CIV,E,IVORY COAST,Jugador,Álbum base
390,ECU1,ECU 1,BADGE,Ecuador,ECU,E,ECUADOR,Emblema / Badge,Álbum base
391,ECU2,ECU 2,HERNÁN GALÍNDEZ,Ecuador,ECU,E,ECUADOR,Jugador,Álbum base
392,ECU3,ECU 3,GONZALO VALLE,Ecuador,ECU,E,ECUADOR,Jugador,Álbum base
393,ECU4,ECU 4,PIERO HINCAPIÉ,Ecuador,ECU,E,ECUADOR,Jugador,Álbum base
394,ECU5,ECU 5,PERVIS ESTUPIÑÁN,Ecuador,ECU,E,ECUADOR,Jugador,Álbum base
395,ECU6,ECU 6,WILLIAN PACHO,Ecuador,ECU,E,ECUADOR,Jugador,Álbum base
396,ECU7,ECU 7,ÁNGELO PRECIADO,Ecuador,ECU,E,ECUADOR,Jugador,Álbum base
397,ECU8,ECU 8,JOEL ORDÓÑEZ,Ecuador,ECU,E,ECUADOR,Jugador,Álbum base
398,ECU9,ECU 9,MOISÉS CAICEDO,Ecuador,ECU,E,ECUADOR,Jugador,Álbum base
399,ECU10,ECU 10,ALAN FRANCO,Ecuador,ECU,E,ECUADOR,Jugador,Álbum base
400,ECU11,ECU 11,KENDRY PÁEZ,Ecuador,ECU,E,ECUADOR,Jugador,Álbum base
401,ECU12,ECU 12,PEDRO VITE,Ecuador,ECU,E,ECUADOR,Jugador,Álbum base
402,ECU13,ECU 13,SQUAD,Ecuador,ECU,E,ECUADOR,Plantilla / Squad,Álbum base
403,ECU14,ECU 14,JOHN YEBOAH,Ecuador,ECU,E,ECUADOR,Jugador,Álbum base
404,ECU15,ECU 15,LEONARDO CAMPANA,Ecuador,ECU,E,ECUADOR,Jugador,Álbum base
405,ECU16,ECU 16,GONZALO PLATA,Ecuador,ECU,E,ECUADOR,Jugador,Álbum base
406,ECU17,ECU 17,NILSON ANGULO,Ecuador,ECU,E,ECUADOR,Jugador,Álbum base
407,ECU18,ECU 18,ALAN MINDA,Ecuador,ECU,E,ECUADOR,Jugador,Álbum base
408,ECU19,ECU 19,KEVIN RODRÍGUEZ,Ecuador,ECU,E,ECUADOR,Jugador,Álbum base
409,ECU20,ECU 20,ENNER VALENCIA,Ecuador,ECU,E,ECUADOR,Jugador,Álbum base
410,NED1,NED 1,BADGE,Países Bajos,NED,F,NETHERLANDS,Emblema / Badge,Álbum base
411,NED2,NED 2,BART VERBRUGGEN,Países Bajos,NED,F,NETHERLANDS,Jugador,Álbum base
412,NED3,NED 3,VIRGIL VAN DIJK,Países Bajos,NED,F,NETHERLANDS,Jugador,Álbum base
413,NED4,NED 4,MICKY VAN DE VEN,Países Bajos,NED,F,NETHERLANDS,Jugador,Álbum base
414,NED5,NED 5,JURIEN TIMBER,Países Bajos,NED,F,NETHERLANDS,Jugador,Álbum base
415,NED6,NED 6,DENZEL DUMFRIES,Países Bajos,NED,F,NETHERLANDS,Jugador,Álbum base
416,NED7,NED 7,NATHAN AKÉ,Países Bajos,NED,F,NETHERLANDS,Jugador,Álbum base
417,NED8,NED 8,JEREMIE FRIMPONG,Países Bajos,NED,F,NETHERLANDS,Jugador,Álbum base
418,NED9,NED 9,JAN PAUL VAN HECKE,Países Bajos,NED,F,NETHERLANDS,Jugador,Álbum base
419,NED10,NED 10,TIJJANI REIJNDERS,Países Bajos,NED,F,NETHERLANDS,Jugador,Álbum base
420,NED11,NED 11,RYAN GRAVENBERCH,Países Bajos,NED,F,NETHERLANDS,Jugador,Álbum base
421,NED12,NED 12,TEUN KOOPMEINERS,Países Bajos,NED,F,NETHERLANDS,Jugador,Álbum base
422,NED13,NED 13,SQUAD,Países Bajos,NED,F,NETHERLANDS,Plantilla / Squad,Álbum base
423,NED14,NED 14,FRENKIE DE JONG,Países Bajos,NED,F,NETHERLANDS,Jugador,Álbum base
424,NED15,NED 15,XAVI SIMONS,Países Bajos,NED,F,NETHERLANDS,Jugador,Álbum base
425,NED16,NED 16,JUSTIN KLUIVERT,Países Bajos,NED,F,NETHERLANDS,Jugador,Álbum base
426,NED17,NED 17,MEMPHIS DEPAY,Países Bajos,NED,F,NETHERLANDS,Jugador,Álbum base
427,NED18,NED 18,DONYEL MALEN,Países Bajos,NED,F,NETHERLANDS,Jugador,Álbum base
428,NED19,NED 19,WOUT WEGHORST,Países Bajos,NED,F,NETHERLANDS,Jugador,Álbum base
429,NED20,NED 20,CODY GAKPO,Países Bajos,NED,F,NETHERLANDS,Jugador,Álbum base
430,JPN1,JPN 1,BADGE,Japón,JPN,F,JAPAN,Emblema / Badge,Álbum base
431,JPN2,JPN 2,ZION SUZUKI,Japón,JPN,F,JAPAN,Jugador,Álbum base
432,JPN3,JPN 3,HENRY HEROKI MOCHIZUKI,Japón,JPN,F,JAPAN,Jugador,Álbum base
433,JPN4,JPN 4,AYUMU SEKO,Japón,JPN,F,JAPAN,Jugador,Álbum base
434,JPN5,JPN 5,JUNNOSUKE SUZUKI,Japón,JPN,F,JAPAN,Jugador,Álbum base
435,JPN6,JPN 6,SHOGO TANIGUCHI,Japón,JPN,F,JAPAN,Jugador,Álbum base
436,JPN7,JPN 7,TSUYOSHI WATANABE,Japón,JPN,F,JAPAN,Jugador,Álbum base
437,JPN8,JPN 8,KAISHU SANO,Japón,JPN,F,JAPAN,Jugador,Álbum base
438,JPN9,JPN 9,YUKI SOMA,Japón,JPN,F,JAPAN,Jugador,Álbum base
439,JPN10,JPN 10,AO TANAKA,Japón,JPN,F,JAPAN,Jugador,Álbum base
440,JPN11,JPN 11,DAICHI KAMADA,Japón,JPN,F,JAPAN,Jugador,Álbum base
441,JPN12,JPN 12,TAKEFUSA KUBO,Japón,JPN,F,JAPAN,Jugador,Álbum base
442,JPN13,JPN 13,SQUAD,Japón,JPN,F,JAPAN,Plantilla / Squad,Álbum base
443,JPN14,JPN 14,RITSU DOAN,Japón,JPN,F,JAPAN,Jugador,Álbum base
444,JPN15,JPN 15,KEITO NAKAMURA,Japón,JPN,F,JAPAN,Jugador,Álbum base
445,JPN16,JPN 16,TAKUMI MINAMINO,Japón,JPN,F,JAPAN,Jugador,Álbum base
446,JPN17,JPN 17,SHUTO MACHINO,Japón,JPN,F,JAPAN,Jugador,Álbum base
447,JPN18,JPN 18,JUNYA ITO,Japón,JPN,F,JAPAN,Jugador,Álbum base
448,JPN19,JPN 19,KOKI OGAWA,Japón,JPN,F,JAPAN,Jugador,Álbum base
449,JPN20,JPN 20,AYASE UEDA,Japón,JPN,F,JAPAN,Jugador,Álbum base
450,SWE1,SWE 1,BADGE,Suecia,SWE,F,SWEDEN,Emblema / Badge,Álbum base
451,SWE2,SWE 2,VIKTOR JOHANSSON,Suecia,SWE,F,SWEDEN,Jugador,Álbum base
452,SWE3,SWE 3,ISAK HIEN,Suecia,SWE,F,SWEDEN,Jugador,Álbum base
453,SWE4,SWE 4,GABRIEL DUDMUNDSSON,Suecia,SWE,F,SWEDEN,Jugador,Álbum base
454,SWE5,SWE 5,EMIL HOLM,Suecia,SWE,F,SWEDEN,Jugador,Álbum base
455,SWE6,SWE 6,VOCTOR NILSSON LINDELÖF,Suecia,SWE,F,SWEDEN,Jugador,Álbum base
456,SWE7,SWE 7,GUSTAF LAGERBIELKE,Suecia,SWE,F,SWEDEN,Jugador,Álbum base
457,SWE8,SWE 8,LUCAS BERGVALL,Suecia,SWE,F,SWEDEN,Jugador,Álbum base
458,SWE9,SWE 9,HUGO LARSSON,Suecia,SWE,F,SWEDEN,Jugador,Álbum base
459,SWE10,SWE 10,JESPER KARLSTRÖM,Suecia,SWE,F,SWEDEN,Jugador,Álbum base
460,SWE11,SWE 11,YASIN AYARI,Suecia,SWE,F,SWEDEN,Jugador,Álbum base
461,SWE12,SWE 12,MATTIAS SVANBERG,Suecia,SWE,F,SWEDEN,Jugador,Álbum base
462,SWE13,SWE 13,SQUAD,Suecia,SWE,F,SWEDEN,Plantilla / Squad,Álbum base
463,SWE14,SWE 14,DANIEL SVENSSON,Suecia,SWE,F,SWEDEN,Jugador,Álbum base
464,SWE15,SWE 15,KEN SEMA,Suecia,SWE,F,SWEDEN,Jugador,Álbum base
465,SWE16,SWE 16,ROONY BARDGHJI,Suecia,SWE,F,SWEDEN,Jugador,Álbum base
466,SWE17,SWE 17,DEJAN KULUSEVSKI,Suecia,SWE,F,SWEDEN,Jugador,Álbum base
467,SWE18,SWE 18,ANTHONY ELANGA,Suecia,SWE,F,SWEDEN,Jugador,Álbum base
468,SWE19,SWE 19,ALEXANDER ISAK,Suecia,SWE,F,SWEDEN,Jugador,Álbum base
469,SWE20,SWE 20,VIKTOR GVÖKERES,Suecia,SWE,F,SWEDEN,Jugador,Álbum base
470,TUN1,TUN 1,BADGE,Túnez,TUN,F,TUNISIA,Emblema / Badge,Álbum base
471,TUN2,TUN 2,BECHIR BEN SAÏD,Túnez,TUN,F,TUNISIA,Jugador,Álbum base
472,TUN3,TUN 3,AYMEN DAHMEN,Túnez,TUN,F,TUNISIA,Jugador,Álbum base
473,TUN4,TUN 4,VAN VALERY,Túnez,TUN,F,TUNISIA,Jugador,Álbum base
474,TUN5,TUN 5,MONTASSAR TALBI,Túnez,TUN,F,TUNISIA,Jugador,Álbum base
475,TUN6,TUN 6,YASSINE MERIAH,Túnez,TUN,F,TUNISIA,Jugador,Álbum base
476,TUN7,TUN 7,ALI ABDI,Túnez,TUN,F,TUNISIA,Jugador,Álbum base
477,TUN8,TUN 8,DYLAN BRONN,Túnez,TUN,F,TUNISIA,Jugador,Álbum base
478,TUN9,TUN 9,ELLYES SKHIRI,Túnez,TUN,F,TUNISIA,Jugador,Álbum base
479,TUN10,TUN 10,AÏSSA LAÏDOUNI,Túnez,TUN,F,TUNISIA,Jugador,Álbum base
480,TUN11,TUN 11,FERJANI SASSI,Túnez,TUN,F,TUNISIA,Jugador,Álbum base
481,TUN12,TUN 12,MOHAMED ALI BEN ROMDHANE,Túnez,TUN,F,TUNISIA,Jugador,Álbum base
482,TUN13,TUN 13,SQUAD,Túnez,TUN,F,TUNISIA,Plantilla / Squad,Álbum base
483,TUN14,TUN 14,HANNIBAL MEJBRI,Túnez,TUN,F,TUNISIA,Jugador,Álbum base
484,TUN15,TUN 15,ELIAS ACHOURI,Túnez,TUN,F,TUNISIA,Jugador,Álbum base
485,TUN16,TUN 16,ELIAS SAAD,Túnez,TUN,F,TUNISIA,Jugador,Álbum base
486,TUN17,TUN 17,HAZEM MASTOURI,Túnez,TUN,F,TUNISIA,Jugador,Álbum base
487,TUN18,TUN 18,ISMAËL GHARBI,Túnez,TUN,F,TUNISIA,Jugador,Álbum base
488,TUN19,TUN 19,SAYFALLAH LTAIEF,Túnez,TUN,F,TUNISIA,Jugador,Álbum base
489,TUN20,TUN 20,NAÏM SLITI,Túnez,TUN,F,TUNISIA,Jugador,Álbum base
490,CC1,CC1,LAMINE YAMAL,,,,Coca-Cola,Coca-Cola,Coca-Cola
491,CC2,CC2,JOSHUA KIMMICH,,,,Coca-Cola,Coca-Cola,Coca-Cola
492,CC3,CC3,EDUARDO CAMAVINGA,,,,Coca-Cola,Coca-Cola,Coca-Cola
493,CC4,CC4,JOŠKO GVARDIOL,,,,Coca-Cola,Coca-Cola,Coca-Cola
494,CC5,CC5,FEDERICO VALVERDE,,,,Coca-Cola,Coca-Cola,Coca-Cola
495,CC6,CC6,VIRGIL VAN DIJK,,,,Coca-Cola,Coca-Cola,Coca-Cola
496,CC7,CC7,ALPHONSO DAVIES,,,,Coca-Cola,Coca-Cola,Coca-Cola
497,CC8,CC8,RAÚL JIMÉNEZ,,,,Coca-Cola,Coca-Cola,Coca-Cola
498,CC9,CC9,WILLIAM SALIBA,,,,Coca-Cola,Coca-Cola,Coca-Cola
499,CC10,CC10,LAUTARO MARTÍNEZ,,,,Coca-Cola,Coca-Cola,Coca-Cola
500,CC11,CC11,HARRY KANE,,,,Coca-Cola,Coca-Cola,Coca-Cola
501,CC12,CC12,ANTONEE ROBINSON,,,,Coca-Cola,Coca-Cola,Coca-Cola
502,BEL1,BEL 1,BADGE,Bélgica,BEL,G,BELGIUM,Emblema / Badge,Álbum base
503,BEL2,BEL 2,THIBAUT COURTOIS,Bélgica,BEL,G,BELGIUM,Jugador,Álbum base
504,BEL3,BEL 3,ARTHUR THEATE,Bélgica,BEL,G,BELGIUM,Jugador,Álbum base
505,BEL4,BEL 4,TIMOTHY CASTAGNE,Bélgica,BEL,G,BELGIUM,Jugador,Álbum base
506,BEL5,BEL 5,ZENO DEBAST,Bélgica,BEL,G,BELGIUM,Jugador,Álbum base
507,BEL6,BEL 6,BRADON MECHELE,Bélgica,BEL,G,BELGIUM,Jugador,Álbum base
508,BEL7,BEL 7,MAXIM DE CUYPER,Bélgica,BEL,G,BELGIUM,Jugador,Álbum base
509,BEL8,BEL 8,THOMAS MEUNIER,Bélgica,BEL,G,BELGIUM,Jugador,Álbum base
510,BEL9,BEL 9,YOURI TIELEMAN,Bélgica,BEL,G,BELGIUM,Jugador,Álbum base
511,BEL10,BEL 10,AMADOU ONANA,Bélgica,BEL,G,BELGIUM,Jugador,Álbum base
512,BEL11,BEL 11,NICOLAS RASKIN,Bélgica,BEL,G,BELGIUM,Jugador,Álbum base
513,BEL12,BEL 12,ALEXIS SAELEMAEKERS,Bélgica,BEL,G,BELGIUM,Jugador,Álbum base
514,BEL13,BEL 13,SQUAD,Bélgica,BEL,G,BELGIUM,Plantilla / Squad,Álbum base
515,BEL14,BEL 14,HANS VANAKEN,Bélgica,BEL,G,BELGIUM,Jugador,Álbum base
516,BEL15,BEL 15,KEVIN DE BRUYNE,Bélgica,BEL,G,BELGIUM,Jugador,Álbum base
517,BEL16,BEL 16,JËRËRMY DOKU,Bélgica,BEL,G,BELGIUM,Jugador,Álbum base
518,BEL17,BEL 17,CHARLES DE KETELAERE,Bélgica,BEL,G,BELGIUM,Jugador,Álbum base
519,BEL18,BEL 18,LEANDRO TROSSARD,Bélgica,BEL,G,BELGIUM,Jugador,Álbum base
520,BEL19,BEL 19,LOÏS OPENDA,Bélgica,BEL,G,BELGIUM,Jugador,Álbum base
521,BEL20,BEL 20,ROMELU LUKAKU,Bélgica,BEL,G,BELGIUM,Jugador,Álbum base
522,EGY1,EGY 1,BADGE,Egipto,EGY,G,EGYPT,Emblema / Badge,Álbum base
523,EGY2,EGY 2,MOHAMED ELSHENAWY,Egipto,EGY,G,EGYPT,Jugador,Álbum base
524,EGY3,EGY 3,MOHAMED HANY,Egipto,EGY,G,EGYPT,Jugador,Álbum base
525,EGY4,EGY 4,MOHAMED HAMDY,Egipto,EGY,G,EGYPT,Jugador,Álbum base
526,EGY5,EGY 5,YASSER EBRAHIM,Egipto,EGY,G,EGYPT,Jugador,Álbum base
527,EGY6,EGY 6,KHALED SOBHI,Egipto,EGY,G,EGYPT,Jugador,Álbum base
528,EGY7,EGY 7,RAMY RABIA,Egipto,EGY,G,EGYPT,Jugador,Álbum base
529,EGY8,EGY 8,HOSSAM ABDELMAGUID,Egipto,EGY,G,EGYPT,Jugador,Álbum base
530,EGY9,EGY 9,AHMES FATOUH,Egipto,EGY,G,EGYPT,Jugador,Álbum base
531,EGY10,EGY 10,MARWAN ATTIA,Egipto,EGY,G,EGYPT,Jugador,Álbum base
532,EGY11,EGY 11,ZIZO,Egipto,EGY,G,EGYPT,Jugador,Álbum base
533,EGY12,EGY 12,HAMDY FATHY,Egipto,EGY,G,EGYPT,Jugador,Álbum base
534,EGY13,EGY 13,SQUAD,Egipto,EGY,G,EGYPT,Plantilla / Squad,Álbum base
535,EGY14,EGY 14,MOHANAD LASHEEN,Egipto,EGY,G,EGYPT,Jugador,Álbum base
536,EGY15,EGY 15,EMAM ASHOUR,Egipto,EGY,G,EGYPT,Jugador,Álbum base
537,EGY16,EGY 16,OSAMA FAISAL,Egipto,EGY,G,EGYPT,Jugador,Álbum base
538,EGY17,EGY 17,MOHAMED SALAH,Egipto,EGY,G,EGYPT,Jugador,Álbum base
539,EGY18,EGY 18,MOSTAFA MOHAMED,Egipto,EGY,G,EGYPT,Jugador,Álbum base
540,EGY19,EGY 19,TREZEGUET,Egipto,EGY,G,EGYPT,Jugador,Álbum base
541,EGY20,EGY 20,OMAR MARSMOUSH,Egipto,EGY,G,EGYPT,Jugador,Álbum base
542,IRI1,IRI 1,BADGE,Irán,IRI,G,IRAN,Emblema / Badge,Álbum base
543,IRI2,IRI 2,ALIREZA BEIRANVAND,Irán,IRI,G,IRAN,Jugador,Álbum base
544,IRI3,IRI 3,MORTEZA POURALIGANJI,Irán,IRI,G,IRAN,Jugador,Álbum base
545,IRI4,IRI 4,EHSAN HAJSAFI,Irán,IRI,G,IRAN,Jugador,Álbum base
546,IRI5,IRI 5,MILAD MOHAMMADI,Irán,IRI,G,IRAN,Jugador,Álbum base
547,IRI6,IRI 6,SHOJAE KHALILZADEH,Irán,IRI,G,IRAN,Jugador,Álbum base
548,IRI7,IRI 7,RAMIN REZAEIAN,Irán,IRI,G,IRAN,Jugador,Álbum base
549,IRI8,IRI 8,HOSSEIN KANAANI,Irán,IRI,G,IRAN,Jugador,Álbum base
550,IRI9,IRI 9,SADEGH MOHARRAMI,Irán,IRI,G,IRAN,Jugador,Álbum base
551,IRI10,IRI 10,SALEH HARDANI,Irán,IRI,G,IRAN,Jugador,Álbum base
552,IRI11,IRI 11,SAEED EZATOLAHI,Irán,IRI,G,IRAN,Jugador,Álbum base
553,IRI12,IRI 12,SAMAN GHODDOS,Irán,IRI,G,IRAN,Jugador,Álbum base
554,IRI13,IRI 13,SQUAD,Irán,IRI,G,IRAN,Plantilla / Squad,Álbum base
555,IRI14,IRI 14,OMID NOORAFKAN,Irán,IRI,G,IRAN,Jugador,Álbum base
556,IRI15,IRI 15,ROOZBEH CHESHMI,Irán,IRI,G,IRAN,Jugador,Álbum base
557,IRI16,IRI 16,MOHAMMAD MOHEBI,Irán,IRI,G,IRAN,Jugador,Álbum base
558,IRI17,IRI 17,SARDAR AZMOUN,Irán,IRI,G,IRAN,Jugador,Álbum base
559,IRI18,IRI 18,MEHDI TAREMI,Irán,IRI,G,IRAN,Jugador,Álbum base
560,IRI19,IRI 19,ALIREZA JAHANBAKHSH,Irán,IRI,G,IRAN,Jugador,Álbum base
561,IRI20,IRI 20,ALI GHOLIZADEH,Irán,IRI,G,IRAN,Jugador,Álbum base
562,NZL1,NZL 1,BADGE,Nueva Zelanda,NZL,G,NEW ZEALAND,Emblema / Badge,Álbum base
563,NZL2,NZL 2,MAX CROCOMBE,Nueva Zelanda,NZL,G,NEW ZEALAND,Jugador,Álbum base
564,NZL3,NZL 3,ALEX PAULSEN,Nueva Zelanda,NZL,G,NEW ZEALAND,Jugador,Álbum base
565,NZL4,NZL 4,MICHAEL BOXALL,Nueva Zelanda,NZL,G,NEW ZEALAND,Jugador,Álbum base
566,NZL5,NZL 5,LIBERATO CACACE,Nueva Zelanda,NZL,G,NEW ZEALAND,Jugador,Álbum base
567,NZL6,NZL 6,TIM PAYNE,Nueva Zelanda,NZL,G,NEW ZEALAND,Jugador,Álbum base
568,NZL7,NZL 7,TYLER BINDON,Nueva Zelanda,NZL,G,NEW ZEALAND,Jugador,Álbum base
569,NZL8,NZL 8,FRANCIS DE VRIES,Nueva Zelanda,NZL,G,NEW ZEALAND,Jugador,Álbum base
570,NZL9,NZL 9,FINN SURMAN,Nueva Zelanda,NZL,G,NEW ZEALAND,Jugador,Álbum base
571,NZL10,NZL 10,JOE BELL,Nueva Zelanda,NZL,G,NEW ZEALAND,Jugador,Álbum base
572,NZL11,NZL 11,SARPREET SINGH,Nueva Zelanda,NZL,G,NEW ZEALAND,Jugador,Álbum base
573,NZL12,NZL 12,RYAN THOMAS,Nueva Zelanda,NZL,G,NEW ZEALAND,Jugador,Álbum base
574,NZL13,NZL 13,SQUAD,Nueva Zelanda,NZL,G,NEW ZEALAND,Plantilla / Squad,Álbum base
575,NZL14,NZL 14,MATTHEW GARBETT,Nueva Zelanda,NZL,G,NEW ZEALAND,Jugador,Álbum base
576,NZL15,NZL 15,MARKO STAMENIĆ,Nueva Zelanda,NZL,G,NEW ZEALAND,Jugador,Álbum base
577,NZL16,NZL 16,BEN OLD,Nueva Zelanda,NZL,G,NEW ZEALAND,Jugador,Álbum base
578,NZL17,NZL 17,CHRIS WOOD,Nueva Zelanda,NZL,G,NEW ZEALAND,Jugador,Álbum base
579,NZL18,NZL 18,ELIJAH JUST,Nueva Zelanda,NZL,G,NEW ZEALAND,Jugador,Álbum base
580,NZL19,NZL 19,CALLUM MCCOWATT,Nueva Zelanda,NZL,G,NEW ZEALAND,Jugador,Álbum base
581,NZL20,NZL 20,KOSTA BARBAROUSES,Nueva Zelanda,NZL,G,NEW ZEALAND,Jugador,Álbum base
582,ESP1,ESP 1,BADGE,España,ESP,H,SPAIN,Emblema / Badge,Álbum base
583,ESP2,ESP 2,UNAI SIMÓN,España,ESP,H,SPAIN,Jugador,Álbum base
584,ESP3,ESP 3,ROBIN LE NORMAND,España,ESP,H,SPAIN,Jugador,Álbum base
585,ESP4,ESP 4,AYMERIC LAPORTE,España,ESP,H,SPAIN,Jugador,Álbum base
586,ESP5,ESP 5,DEAN HUIJSEN,España,ESP,H,SPAIN,Jugador,Álbum base
587,ESP6,ESP 6,PEDRO PORRO,España,ESP,H,SPAIN,Jugador,Álbum base
588,ESP7,ESP 7,DANI CARVAJAL,España,ESP,H,SPAIN,Jugador,Álbum base
589,ESP8,ESP 8,MARC CUCURELLA,España,ESP,H,SPAIN,Jugador,Álbum base
590,ESP9,ESP 9,MARTÍN ZUBIMENDI,España,ESP,H,SPAIN,Jugador,Álbum base
591,ESP10,ESP 10,RODRI,España,ESP,H,SPAIN,Jugador,Álbum base
592,ESP11,ESP 11,PEDRI,España,ESP,H,SPAIN,Jugador,Álbum base
593,ESP12,ESP 12,FABIÁN RUIZ,España,ESP,H,SPAIN,Jugador,Álbum base
594,ESP13,ESP 13,SQUAD,España,ESP,H,SPAIN,Plantilla / Squad,Álbum base
595,ESP14,ESP 14,MIKEL MERINO,España,ESP,H,SPAIN,Jugador,Álbum base
596,ESP15,ESP 15,LAMINE YAMAL,España,ESP,H,SPAIN,Jugador,Álbum base
597,ESP16,ESP 16,DANI OLMO,España,ESP,H,SPAIN,Jugador,Álbum base
598,ESP17,ESP 17,NICO WILLIAMS,España,ESP,H,SPAIN,Jugador,Álbum base
599,ESP18,ESP 18,FERRAN TORRES,España,ESP,H,SPAIN,Jugador,Álbum base
600,ESP19,ESP 19,ÁLVARO MORATA,España,ESP,H,SPAIN,Jugador,Álbum base
601,ESP20,ESP 20,MIKEL OYARZABAL,España,ESP,H,SPAIN,Jugador,Álbum base
602,CPV1,CPV 1,BADGE,Cabo Verde,CPV,H,CAPE VERDE,Emblema / Badge,Álbum base
603,CPV2,CPV 2,VOZINHA,Cabo Verde,CPV,H,CAPE VERDE,Jugador,Álbum base
604,CPV3,CPV 3,LOGAN COSTA,Cabo Verde,CPV,H,CAPE VERDE,Jugador,Álbum base
605,CPV4,CPV 4,PICO,Cabo Verde,CPV,H,CAPE VERDE,Jugador,Álbum base
606,CPV5,CPV 5,DINEV,Cabo Verde,CPV,H,CAPE VERDE,Jugador,Álbum base
607,CPV6,CPV 6,STEVEN MOREIRA,Cabo Verde,CPV,H,CAPE VERDE,Jugador,Álbum base
608,CPV7,CPV 7,WAGNER PINA,Cabo Verde,CPV,H,CAPE VERDE,Jugador,Álbum base
609,CPV8,CPV 8,JOÃO PAULO,Cabo Verde,CPV,H,CAPE VERDE,Jugador,Álbum base
610,CPV9,CPV 9,YANNICK SEMEDO,Cabo Verde,CPV,H,CAPE VERDE,Jugador,Álbum base
611,CPV10,CPV 10,KEVIN PINA,Cabo Verde,CPV,H,CAPE VERDE,Jugador,Álbum base
612,CPV11,CPV 11,PATRICK ANDRADE,Cabo Verde,CPV,H,CAPE VERDE,Jugador,Álbum base
613,CPV12,CPV 12,JAMIRO MONTEIRO,Cabo Verde,CPV,H,CAPE VERDE,Jugador,Álbum base
614,CPV13,CPV 13,SQUAD,Cabo Verde,CPV,H,CAPE VERDE,Plantilla / Squad,Álbum base
615,CPV14,CPV 14,DEROY DUARTE,Cabo Verde,CPV,H,CAPE VERDE,Jugador,Álbum base
616,CPV15,CPV 15,GARRY RODRIGUES,Cabo Verde,CPV,H,CAPE VERDE,Jugador,Álbum base
617,CPV16,CPV 16,JOVANE CABRAL,Cabo Verde,CPV,H,CAPE VERDE,Jugador,Álbum base
618,CPV17,CPV 17,RYAN MENDES,Cabo Verde,CPV,H,CAPE VERDE,Jugador,Álbum base
619,CPV18,CPV 18,DAILON LIVRAMENTO,Cabo Verde,CPV,H,CAPE VERDE,Jugador,Álbum base
620,CPV19,CPV 19,WILLY SEMEDO,Cabo Verde,CPV,H,CAPE VERDE,Jugador,Álbum base
621,CPV20,CPV 20,BEB,Cabo Verde,CPV,H,CAPE VERDE,Jugador,Álbum base
622,KSA1,KSA 1,BADGE,Arabia Saudita,KSA,H,SAUDI ARABIA,Emblema / Badge,Álbum base
623,KSA2,KSA 2,NAWAF ALAQIDI,Arabia Saudita,KSA,H,SAUDI ARABIA,Jugador,Álbum base
624,KSA3,KSA 3,ANDULRAHMAN ALSANBI,Arabia Saudita,KSA,H,SAUDI ARABIA,Jugador,Álbum base
625,KSA4,KSA 4,SAUD ABDULHAMID,Arabia Saudita,KSA,H,SAUDI ARABIA,Jugador,Álbum base
626,KSA5,KSA 5,NAWAF BOUWASHL,Arabia Saudita,KSA,H,SAUDI ARABIA,Jugador,Álbum base
627,KSA6,KSA 6,JEHAD THIKRI,Arabia Saudita,KSA,H,SAUDI ARABIA,Jugador,Álbum base
628,KSA7,KSA 7,MOTEB ALHARBI,Arabia Saudita,KSA,H,SAUDI ARABIA,Jugador,Álbum base
629,KSA8,KSA 8,HASSAN ALTAMBAKTI,Arabia Saudita,KSA,H,SAUDI ARABIA,Jugador,Álbum base
630,KSA9,KSA 9,MUSAB ALJUWAYR,Arabia Saudita,KSA,H,SAUDI ARABIA,Jugador,Álbum base
631,KSA10,KSA 10,ZIYAD ALJOHANI,Arabia Saudita,KSA,H,SAUDI ARABIA,Jugador,Álbum base
632,KSA11,KSA 11,ABDULLAH ALKHAIBARI,Arabia Saudita,KSA,H,SAUDI ARABIA,Jugador,Álbum base
633,KSA12,KSA 12,NASSER ALDAWSARI,Arabia Saudita,KSA,H,SAUDI ARABIA,Jugador,Álbum base
634,KSA13,KSA 13,SQUAD,Arabia Saudita,KSA,H,SAUDI ARABIA,Plantilla / Squad,Álbum base
635,KSA14,KSA 14,SALEH ABU ALSHAMAT,Arabia Saudita,KSA,H,SAUDI ARABIA,Jugador,Álbum base
636,KSA15,KSA 15,MARWAN ALSAHAFI,Arabia Saudita,KSA,H,SAUDI ARABIA,Jugador,Álbum base
637,KSA16,KSA 16,SALEM ALDAWSARI,Arabia Saudita,KSA,H,SAUDI ARABIA,Jugador,Álbum base
638,KSA17,KSA 17,ABDULRAHMAN ALOBUD,Arabia Saudita,KSA,H,SAUDI ARABIA,Jugador,Álbum base
639,KSA18,KSA 18,FERAS ALBRIKAN,Arabia Saudita,KSA,H,SAUDI ARABIA,Jugador,Álbum base
640,KSA19,KSA 19,SALEH ALSHEHRI,Arabia Saudita,KSA,H,SAUDI ARABIA,Jugador,Álbum base
641,KSA20,KSA 20,ABDULLAH ALHAMDAN,Arabia Saudita,KSA,H,SAUDI ARABIA,Jugador,Álbum base
642,URU1,URU 1,BADGE,Uruguay,URU,H,URUGUAY,Emblema / Badge,Álbum base
643,URU2,URU 2,SERGIO ROCHET,Uruguay,URU,H,URUGUAY,Jugador,Álbum base
644,URU3,URU 3,SANTIAGO MELE,Uruguay,URU,H,URUGUAY,Jugador,Álbum base
645,URU4,URU 4,RONALD ARAÚJO,Uruguay,URU,H,URUGUAY,Jugador,Álbum base
646,URU5,URU 5,JOSÉ MARÍA GIMÉNEZ,Uruguay,URU,H,URUGUAY,Jugador,Álbum base
647,URU6,URU 6,SEBASTIÁN CÁCERES,Uruguay,URU,H,URUGUAY,Jugador,Álbum base
648,URU7,URU 7,MATHIAS OLIVERA,Uruguay,URU,H,URUGUAY,Jugador,Álbum base
649,URU8,URU 8,GUILLERMO VARELA,Uruguay,URU,H,URUGUAY,Jugador,Álbum base
650,URU9,URU 9,NHITAM NÁNDEZ,Uruguay,URU,H,URUGUAY,Jugador,Álbum base
651,URU10,URU 10,FEDERICO VALVERDE,Uruguay,URU,H,URUGUAY,Jugador,Álbum base
652,URU11,URU 11,GIORGIAN DE ARRASCAETA,Uruguay,URU,H,URUGUAY,Jugador,Álbum base
653,URU12,URU 12,RODRIGO BENTANCUR,Uruguay,URU,H,URUGUAY,Jugador,Álbum base
654,URU13,URU 13,SQUAD,Uruguay,URU,H,URUGUAY,Plantilla / Squad,Álbum base
655,URU14,URU 14,MANUEL UGARTE,Uruguay,URU,H,URUGUAY,Jugador,Álbum base
656,URU15,URU 15,NICOLÁS DE LA CRUZ,Uruguay,URU,H,URUGUAY,Jugador,Álbum base
657,URU16,URU 16,MAXI ARAÚJO,Uruguay,URU,H,URUGUAY,Jugador,Álbum base
658,URU17,URU 17,DARWIN NÚÑEZ,Uruguay,URU,H,URUGUAY,Jugador,Álbum base
659,URU18,URU 18,FEDERICO VIÑAS,Uruguay,URU,H,URUGUAY,Jugador,Álbum base
660,URU19,URU 19,RODRIGO AGUIRRE,Uruguay,URU,H,URUGUAY,Jugador,Álbum base
661,URU20,URU 20,FACUNDO PELLISTRI,Uruguay,URU,H,URUGUAY,Jugador,Álbum base
662,FRA1,FRA 1,BADGE,Francia,FRA,I,FRANCE,Emblema / Badge,Álbum base
663,FRA2,FRA 2,MIKE MAIGNAN,Francia,FRA,I,FRANCE,Jugador,Álbum base
664,FRA3,FRA 3,THEO HERNÁNDEZ,Francia,FRA,I,FRANCE,Jugador,Álbum base
665,FRA4,FRA 4,WILLIAM SALIBA,Francia,FRA,I,FRANCE,Jugador,Álbum base
666,FRA5,FRA 5,JULES KOUNDÉ,Francia,FRA,I,FRANCE,Jugador,Álbum base
667,FRA6,FRA 6,IBRAHIMA KONATÉ,Francia,FRA,I,FRANCE,Jugador,Álbum base
668,FRA7,FRA 7,DAYOT UPAMECANO,Francia,FRA,I,FRANCE,Jugador,Álbum base
669,FRA8,FRA 8,LUCAS DIGNE,Francia,FRA,I,FRANCE,Jugador,Álbum base
670,FRA9,FRA 9,AURÉLIEN TCHOUAMÉNI,Francia,FRA,I,FRANCE,Jugador,Álbum base
671,FRA10,FRA 10,EDUARDO CAMAVINGA,Francia,FRA,I,FRANCE,Jugador,Álbum base
672,FRA11,FRA 11,MANU KONÉ,Francia,FRA,I,FRANCE,Jugador,Álbum base
673,FRA12,FRA 12,ADRIEN RABIOT,Francia,FRA,I,FRANCE,Jugador,Álbum base
674,FRA13,FRA 13,SQUAD,Francia,FRA,I,FRANCE,Plantilla / Squad,Álbum base
675,FRA14,FRA 14,MICHAEL OLISE,Francia,FRA,I,FRANCE,Jugador,Álbum base
676,FRA15,FRA 15,OUSMANE DEMBÉLÉ,Francia,FRA,I,FRANCE,Jugador,Álbum base
677,FRA16,FRA 16,BRADLEY BARCOLA,Francia,FRA,I,FRANCE,Jugador,Álbum base
678,FRA17,FRA 17,DÉSIRÉ DOUÉ,Francia,FRA,I,FRANCE,Jugador,Álbum base
679,FRA18,FRA 18,KINGSLEY COMAN,Francia,FRA,I,FRANCE,Jugador,Álbum base
680,FRA19,FRA 19,HUGO EKITIKÉ,Francia,FRA,I,FRANCE,Jugador,Álbum base
681,FRA20,FRA 20,KYLIAN MBAPPÉ,Francia,FRA,I,FRANCE,Jugador,Álbum base
682,SEN1,SEN 1,BADGE,Senegal,SEN,I,SENEGAL,Emblema / Badge,Álbum base
683,SEN2,SEN 2,EDUARDO MENDY,Senegal,SEN,I,SENEGAL,Jugador,Álbum base
684,SEN3,SEN 3,YEHVANN DIOUF,Senegal,SEN,I,SENEGAL,Jugador,Álbum base
685,SEN4,SEN 4,MOUSSA NIAKHATÉ,Senegal,SEN,I,SENEGAL,Jugador,Álbum base
686,SEN5,SEN 5,ABDOULAYE SEC,Senegal,SEN,I,SENEGAL,Jugador,Álbum base
687,SEN6,SEN 6,ISMAIL JAKOBS,Senegal,SEN,I,SENEGAL,Jugador,Álbum base
688,SEN7,SEN 7,EL HADJI MALICK DIOUF,Senegal,SEN,I,SENEGAL,Jugador,Álbum base
689,SEN8,SEN 8,KALIDOU KOULIBALY,Senegal,SEN,I,SENEGAL,Jugador,Álbum base
690,SEN9,SEN 9,IDRISSA GANA GUEYE,Senegal,SEN,I,SENEGAL,Jugador,Álbum base
691,SEN10,SEN 10,PAPE MARAR SARR,Senegal,SEN,I,SENEGAL,Jugador,Álbum base
692,SEN11,SEN 11,PAPE GUEYE,Senegal,SEN,I,SENEGAL,Jugador,Álbum base
693,SEN12,SEN 12,HABIB DIARRA,Senegal,SEN,I,SENEGAL,Jugador,Álbum base
694,SEN13,SEN 13,SQUAD,Senegal,SEN,I,SENEGAL,Plantilla / Squad,Álbum base
695,SEN14,SEN 14,LAMINE CAMARA,Senegal,SEN,I,SENEGAL,Jugador,Álbum base
696,SEN15,SEN 15,SADIO MANÉ,Senegal,SEN,I,SENEGAL,Jugador,Álbum base
697,SEN16,SEN 16,ISMAÏLA SARR,Senegal,SEN,I,SENEGAL,Jugador,Álbum base
698,SEN17,SEN 17,BOULAYE DIA,Senegal,SEN,I,SENEGAL,Jugador,Álbum base
699,SEN18,SEN 18,ILIMAN NDIAYE,Senegal,SEN,I,SENEGAL,Jugador,Álbum base
700,SEN19,SEN 19,NICOLAS JACKSON,Senegal,SEN,I,SENEGAL,Jugador,Álbum base
701,SEN20,SEN 20,KRÉPIN DIATTA,Senegal,SEN,I,SENEGAL,Jugador,Álbum base
702,IRQ1,IRQ 1,BADGE,Irak,IRQ,I,IRAQ,Emblema / Badge,Álbum base
703,IRQ2,IRQ 2,JALAL HASSAN,Irak,IRQ,I,IRAQ,Jugador,Álbum base
704,IRQ3,IRQ 3,REBIN SULAKA,Irak,IRQ,I,IRAQ,Jugador,Álbum base
705,IRQ4,IRQ 4,HUSSEIN ALI,Irak,IRQ,I,IRAQ,Jugador,Álbum base
706,IRQ5,IRQ 5,AKAM HASHEM,Irak,IRQ,I,IRAQ,Jugador,Álbum base
707,IRQ6,IRQ 6,MERCHAS DOSKI,Irak,IRQ,I,IRAQ,Jugador,Álbum base
708,IRQ7,IRQ 7,ZAID TAHSEEN,Irak,IRQ,I,IRAQ,Jugador,Álbum base
709,IRQ8,IRQ 8,MANAF YOUNIS,Irak,IRQ,I,IRAQ,Jugador,Álbum base
710,IRQ9,IRQ 9,ZIDANE IQBAL,Irak,IRQ,I,IRAQ,Jugador,Álbum base
711,IRQ10,IRQ 10,AMIR AL-AMMARI,Irak,IRQ,I,IRAQ,Jugador,Álbum base
712,IRQ11,IRQ 11,IBRAHIM BAVESH,Irak,IRQ,I,IRAQ,Jugador,Álbum base
713,IRQ12,IRQ 12,ALI JASIM,Irak,IRQ,I,IRAQ,Jugador,Álbum base
714,IRQ13,IRQ 13,SQUAD,Irak,IRQ,I,IRAQ,Plantilla / Squad,Álbum base
715,IRQ14,IRQ 14,YOUSSEF AMYN,Irak,IRQ,I,IRAQ,Jugador,Álbum base
716,IRQ15,IRQ 15,AIMAR SHER,Irak,IRQ,I,IRAQ,Jugador,Álbum base
717,IRQ16,IRQ 16,MARKO FARJI,Irak,IRQ,I,IRAQ,Jugador,Álbum base
718,IRQ17,IRQ 17,OSAMA RASHID,Irak,IRQ,I,IRAQ,Jugador,Álbum base
719,IRQ18,IRQ 18,ALI AL-HAMADI,Irak,IRQ,I,IRAQ,Jugador,Álbum base
720,IRQ19,IRQ 19,AYMEN HUSSEIN,Irak,IRQ,I,IRAQ,Jugador,Álbum base
721,IRQ20,IRQ 20,MOHANAD ALI,Irak,IRQ,I,IRAQ,Jugador,Álbum base
722,NOR1,NOR 1,BADGE,Noruega,NOR,I,NORWAY,Emblema / Badge,Álbum base
723,NOR2,NOR 2,ØRJAN NYLAND,Noruega,NOR,I,NORWAY,Jugador,Álbum base
724,NOR3,NOR 3,JULIAN RYERSON,Noruega,NOR,I,NORWAY,Jugador,Álbum base
725,NOR4,NOR 4,LEO ØSTIGÅRD,Noruega,NOR,I,NORWAY,Jugador,Álbum base
726,NOR5,NOR 5,KRISTOFFER VASSBAKK AJER,Noruega,NOR,I,NORWAY,Jugador,Álbum base
727,NOR6,NOR 6,MARCUS HOLMGREN PEDERSEN,Noruega,NOR,I,NORWAY,Jugador,Álbum base
728,NOR7,NOR 7,DAVID MØLLER WOLFE,Noruega,NOR,I,NORWAY,Jugador,Álbum base
729,NOR8,NOR 8,TORBJØRN HEGGEM,Noruega,NOR,I,NORWAY,Jugador,Álbum base
730,NOR9,NOR 9,MORTEN THORSBY,Noruega,NOR,I,NORWAY,Jugador,Álbum base
731,NOR10,NOR 10,MARTIN ØDEGAARD,Noruega,NOR,I,NORWAY,Jugador,Álbum base
732,NOR11,NOR 11,SANDER BERGE,Noruega,NOR,I,NORWAY,Jugador,Álbum base
733,NOR12,NOR 12,ANDREAS SCHJELDERUP,Noruega,NOR,I,NORWAY,Jugador,Álbum base
734,NOR13,NOR 13,SQUAD,Noruega,NOR,I,NORWAY,Plantilla / Squad,Álbum base
735,NOR14,NOR 14,PATRICK BERG,Noruega,NOR,I,NORWAY,Jugador,Álbum base
736,NOR15,NOR 15,ERLING HAALAND,Noruega,NOR,I,NORWAY,Jugador,Álbum base
737,NOR16,NOR 16,ALEXANDER SØRLOTH,Noruega,NOR,I,NORWAY,Jugador,Álbum base
738,NOR17,NOR 17,ARON DØNNUM,Noruega,NOR,I,NORWAY,Jugador,Álbum base
739,NOR18,NOR 18,JØRGEN STRAND LARSEN,Noruega,NOR,I,NORWAY,Jugador,Álbum base
740,NOR19,NOR 19,ANTONIO MUSA,Noruega,NOR,I,NORWAY,Jugador,Álbum base
741,NOR20,NOR 20,OSCAR BOBB,Noruega,NOR,I,NORWAY,Jugador,Álbum base
742,ARG1,ARG 1,BADGE,Argentina,ARG,J,ARGENTINA,Emblema / Badge,Álbum base
743,ARG2,ARG 2,EMILIANO MARTÍNEZ,Argentina,ARG,J,ARGENTINA,Jugador,Álbum base
744,ARG3,ARG 3,NAHUEL MOLINA,Argentina,ARG,J,ARGENTINA,Jugador,Álbum base
745,ARG4,ARG 4,CRISTIAN ROMERO,Argentina,ARG,J,ARGENTINA,Jugador,Álbum base
746,ARG5,ARG 5,NICOLÁS OTAMENDI,Argentina,ARG,J,ARGENTINA,Jugador,Álbum base
747,ARG6,ARG 6,NICOLÁS TAGLIAFICO,Argentina,ARG,J,ARGENTINA,Jugador,Álbum base
748,ARG7,ARG 7,LEONARDO BALERDI,Argentina,ARG,J,ARGENTINA,Jugador,Álbum base
749,ARG8,ARG 8,ENZO FERNÁNDEZ,Argentina,ARG,J,ARGENTINA,Jugador,Álbum base
750,ARG9,ARG 9,ALEXIS MAC ALLISTER,Argentina,ARG,J,ARGENTINA,Jugador,Álbum base
751,ARG10,ARG 10,RODRIGO DE PAUL,Argentina,ARG,J,ARGENTINA,Jugador,Álbum base
752,ARG11,ARG 11,EXEQUIEL PALACIOS,Argentina,ARG,J,ARGENTINA,Jugador,Álbum base
753,ARG12,ARG 12,LEANDRO PAREDES,Argentina,ARG,J,ARGENTINA,Jugador,Álbum base
754,ARG13,ARG 13,SQUAD,Argentina,ARG,J,ARGENTINA,Plantilla / Squad,Álbum base
755,ARG14,ARG 14,NICO PAZ,Argentina,ARG,J,ARGENTINA,Jugador,Álbum base
756,ARG15,ARG 15,FRANCO MASTANTUONO,Argentina,ARG,J,ARGENTINA,Jugador,Álbum base
757,ARG16,ARG 16,NICO GONZÁLEZ,Argentina,ARG,J,ARGENTINA,Jugador,Álbum base
758,ARG17,ARG 17,LIONEL MESSI,Argentina,ARG,J,ARGENTINA,Jugador,Álbum base
759,ARG18,ARG 18,LAUTARO MARTÍNEZ,Argentina,ARG,J,ARGENTINA,Jugador,Álbum base
760,ARG19,ARG 19,JULIÁN ÁLVAREZ,Argentina,ARG,J,ARGENTINA,Jugador,Álbum base
761,ARG20,ARG 20,GIULIANO SIMEONE,Argentina,ARG,J,ARGENTINA,Jugador,Álbum base
762,DZA1,DZA 1,BADGE,Argelia,DZA,J,ALGERIA,Emblema / Badge,Álbum base
763,DZA2,DZA 2,ALEXIS GUENDOUZ,Argelia,DZA,J,ALGERIA,Jugador,Álbum base
764,DZA3,DZA 3,RAMY BENSEBAINI,Argelia,DZA,J,ALGERIA,Jugador,Álbum base
765,DZA4,DZA 4,YOUCEF ATAL,Argelia,DZA,J,ALGERIA,Jugador,Álbum base
766,DZA5,DZA 5,RAYAN AÏT-NOURI,Argelia,DZA,J,ALGERIA,Jugador,Álbum base
767,DZA6,DZA 6,MOHAMED AMINE TOUGAI,Argelia,DZA,J,ALGERIA,Jugador,Álbum base
768,DZA7,DZA 7,AÏSSA MANDI,Argelia,DZA,J,ALGERIA,Jugador,Álbum base
769,DZA8,DZA 8,ISMAÉL BENNACER,Argelia,DZA,J,ALGERIA,Jugador,Álbum base
770,DZA9,DZA 9,HOUSSEM AOUAR,Argelia,DZA,J,ALGERIA,Jugador,Álbum base
771,DZA10,DZA 10,HICHAM BOUDAOUI,Argelia,DZA,J,ALGERIA,Jugador,Álbum base
772,DZA11,DZA 11,RAMIZ ZERROUKI,Argelia,DZA,J,ALGERIA,Jugador,Álbum base
773,DZA12,DZA 12,NABIL BENTALEB,Argelia,DZA,J,ALGERIA,Jugador,Álbum base
774,DZA13,DZA 13,SQUAD,Argelia,DZA,J,ALGERIA,Plantilla / Squad,Álbum base
775,DZA14,DZA 14,FARÈS CHAÏBI,Argelia,DZA,J,ALGERIA,Jugador,Álbum base
776,DZA15,DZA 15,RIYAD MAHREZ,Argelia,DZA,J,ALGERIA,Jugador,Álbum base
777,DZA16,DZA 16,SAÏD BENRAHMA,Argelia,DZA,J,ALGERIA,Jugador,Álbum base
778,DZA17,DZA 17,ANIS HADJ MOUSSA,Argelia,DZA,J,ALGERIA,Jugador,Álbum base
779,DZA18,DZA 18,AMINE GOUIRI,Argelia,DZA,J,ALGERIA,Jugador,Álbum base
780,DZA19,DZA 19,BAGHDAD BOUNEDJAH,Argelia,DZA,J,ALGERIA,Jugador,Álbum base
781,DZA20,DZA 20,MOHAMMED AMOURA,Argelia,DZA,J,ALGERIA,Jugador,Álbum base
782,AUT1,AUT 1,BADGE,Austria,AUT,J,AUSTRIA,Emblema / Badge,Álbum base
783,AUT2,AUT 2,ALEXANDER SCHLAGER,Austria,AUT,J,AUSTRIA,Jugador,Álbum base
784,AUT3,AUT 3,PATRICK PENTZ,Austria,AUT,J,AUSTRIA,Jugador,Álbum base
785,AUT4,AUT 4,DAVID ALABA,Austria,AUT,J,AUSTRIA,Jugador,Álbum base
786,AUT5,AUT 5,KEVIN DANSO,Austria,AUT,J,AUSTRIA,Jugador,Álbum base
787,AUT6,AUT 6,PHILIPP LIENHART,Austria,AUT,J,AUSTRIA,Jugador,Álbum base
788,AUT7,AUT 7,STEFAN BOSCH,Austria,AUT,J,AUSTRIA,Jugador,Álbum base
789,AUT8,AUT 8,PHILLIPP MWENE,Austria,AUT,J,AUSTRIA,Jugador,Álbum base
790,AUT9,AUT 9,ALEXANDER PRASS,Austria,AUT,J,AUSTRIA,Jugador,Álbum base
791,AUT10,AUT 10,XAVER SCHLAGER,Austria,AUT,J,AUSTRIA,Jugador,Álbum base
792,AUT11,AUT 11,MARCEL SABITZER,Austria,AUT,J,AUSTRIA,Jugador,Álbum base
793,AUT12,AUT 12,KONRAD LAIMER,Austria,AUT,J,AUSTRIA,Jugador,Álbum base
794,AUT13,AUT 13,SQUAD,Austria,AUT,J,AUSTRIA,Plantilla / Squad,Álbum base
795,AUT14,AUT 14,FLORIAN GRILLITSCH,Austria,AUT,J,AUSTRIA,Jugador,Álbum base
796,AUT15,AUT 15,NICOLAS SEIWALD,Austria,AUT,J,AUSTRIA,Jugador,Álbum base
797,AUT16,AUT 16,ROMANO SCHMID,Austria,AUT,J,AUSTRIA,Jugador,Álbum base
798,AUT17,AUT 17,PATRICK WIMMER,Austria,AUT,J,AUSTRIA,Jugador,Álbum base
799,AUT18,AUT 18,CHRISTOPH BAUMGARTNER,Austria,AUT,J,AUSTRIA,Jugador,Álbum base
800,AUT19,AUT 19,MICHAEL GREGORITSCH,Austria,AUT,J,AUSTRIA,Jugador,Álbum base
801,AUT20,AUT 20,MARKO ARNAUTOVIĆ,Austria,AUT,J,AUSTRIA,Jugador,Álbum base
802,JOR1,JOR 1,BADGE,Jordania,JOR,J,JORDAN,Emblema / Badge,Álbum base
803,JOR2,JOR 2,YAZEED ABULAILA,Jordania,JOR,J,JORDAN,Jugador,Álbum base
804,JOR3,JOR 3,IHSAN HADDAD,Jordania,JOR,J,JORDAN,Jugador,Álbum base
805,JOR4,JOR 4,MOHAMMAD ABU HASHISH,Jordania,JOR,J,JORDAN,Jugador,Álbum base
806,JOR5,JOR 5,YAZAN AL-ARAB,Jordania,JOR,J,JORDAN,Jugador,Álbum base
807,JOR6,JOR 6,ABDULLAH NASIB,Jordania,JOR,J,JORDAN,Jugador,Álbum base
808,JOR7,JOR 7,SALEEM OBAID,Jordania,JOR,J,JORDAN,Jugador,Álbum base
809,JOR8,JOR 8,MOHAMMAD ABUALNADI,Jordania,JOR,J,JORDAN,Jugador,Álbum base
810,JOR9,JOR 9,IBRAHIM SAADEH,Jordania,JOR,J,JORDAN,Jugador,Álbum base
811,JOR10,JOR 10,NIZAR AL-RASHDAN,Jordania,JOR,J,JORDAN,Jugador,Álbum base
812,JOR11,JOR 11,NOOR AL-RAWABDER,Jordania,JOR,J,JORDAN,Jugador,Álbum base
813,JOR12,JOR 12,MOHANNAD ABU TAHA,Jordania,JOR,J,JORDAN,Jugador,Álbum base
814,JOR13,JOR 13,SQUAD,Jordania,JOR,J,JORDAN,Plantilla / Squad,Álbum base
815,JOR14,JOR 14,AMER JAMOUS,Jordania,JOR,J,JORDAN,Jugador,Álbum base
816,JOR15,JOR 15,MOUSA AL-TAAMARI,Jordania,JOR,J,JORDAN,Jugador,Álbum base
817,JOR16,JOR 16,YAZAN AL-NAIMAT,Jordania,JOR,J,JORDAN,Jugador,Álbum base
818,JOR17,JOR 17,MAHMOUD AL-MARDI,Jordania,JOR,J,JORDAN,Jugador,Álbum base
819,JOR18,JOR 18,ALI OLWAN,Jordania,JOR,J,JORDAN,Jugador,Álbum base
820,JOR19,JOR 19,MOHAMMAD ABU ZRAYQ,Jordania,JOR,J,JORDAN,Jugador,Álbum base
821,JOR20,JOR 20,IBRAHIM SABRA,Jordania,JOR,J,JORDAN,Jugador,Álbum base
822,POR1,POR 1,BADGE,Portugal,POR,K,PORTUGAL,Emblema / Badge,Álbum base
823,POR2,POR 2,DIOGO COSTA,Portugal,POR,K,PORTUGAL,Jugador,Álbum base
824,POR3,POR 3,JOSÉ SÁ,Portugal,POR,K,PORTUGAL,Jugador,Álbum base
825,POR4,POR 4,RUBÉN DIAS,Portugal,POR,K,PORTUGAL,Jugador,Álbum base
826,POR5,POR 5,JOÃO CANCELO,Portugal,POR,K,PORTUGAL,Jugador,Álbum base
827,POR6,POR 6,DIOGO DALOT,Portugal,POR,K,PORTUGAL,Jugador,Álbum base
828,POR7,POR 7,NUNO MENDES,Portugal,POR,K,PORTUGAL,Jugador,Álbum base
829,POR8,POR 8,GONÇALO INÁCIO,Portugal,POR,K,PORTUGAL,Jugador,Álbum base
830,POR9,POR 9,BERNADO SILVA,Portugal,POR,K,PORTUGAL,Jugador,Álbum base
831,POR10,POR 10,BRUNO FERNANDES,Portugal,POR,K,PORTUGAL,Jugador,Álbum base
832,POR11,POR 11,RUBÉN NEVES,Portugal,POR,K,PORTUGAL,Jugador,Álbum base
833,POR12,POR 12,VITINHA,Portugal,POR,K,PORTUGAL,Jugador,Álbum base
834,POR13,POR 13,SQUAD,Portugal,POR,K,PORTUGAL,Plantilla / Squad,Álbum base
835,POR14,POR 14,JOÃO NEVES,Portugal,POR,K,PORTUGAL,Jugador,Álbum base
836,POR15,POR 15,CRISTIANO RONALDO,Portugal,POR,K,PORTUGAL,Jugador,Álbum base
837,POR16,POR 16,FRANCISCO TRINCÃO,Portugal,POR,K,PORTUGAL,Jugador,Álbum base
838,POR17,POR 17,JOÃO FELIX,Portugal,POR,K,PORTUGAL,Jugador,Álbum base
839,POR18,POR 18,GONÇALO RAMOS,Portugal,POR,K,PORTUGAL,Jugador,Álbum base
840,POR19,POR 19,PEDRO NETO,Portugal,POR,K,PORTUGAL,Jugador,Álbum base
841,POR20,POR 20,RAFAEL LEÃO,Portugal,POR,K,PORTUGAL,Jugador,Álbum base
842,COD1,COD 1,BADGE,RD Congo,COD,K,DR CONGO,Emblema / Badge,Álbum base
843,COD2,COD 2,LIONEL MPASI,RD Congo,COD,K,DR CONGO,Jugador,Álbum base
844,COD3,COD 3,AARON WAN-BISSAKA,RD Congo,COD,K,DR CONGO,Jugador,Álbum base
845,COD4,COD 4,AXEL TUANZEBE,RD Congo,COD,K,DR CONGO,Jugador,Álbum base
846,COD5,COD 5,ARTHUR MASUAKU,RD Congo,COD,K,DR CONGO,Jugador,Álbum base
847,COD6,COD 6,CHANCEL MBEMBA,RD Congo,COD,K,DR CONGO,Jugador,Álbum base
848,COD7,COD 7,JORIS KAYEMBE,RD Congo,COD,K,DR CONGO,Jugador,Álbum base
849,COD8,COD 8,CHARLES PICKEL,RD Congo,COD,K,DR CONGO,Jugador,Álbum base
850,COD9,COD 9,NGAL'AYEL MUKAU,RD Congo,COD,K,DR CONGO,Jugador,Álbum base
851,COD10,COD 10,EDO KAYEMBE,RD Congo,COD,K,DR CONGO,Jugador,Álbum base
852,COD11,COD 11,SAMUEL MOUTOUSSAMY,RD Congo,COD,K,DR CONGO,Jugador,Álbum base
853,COD12,COD 12,NOAH SADIKI,RD Congo,COD,K,DR CONGO,Jugador,Álbum base
854,COD13,COD 13,SQUAD,RD Congo,COD,K,DR CONGO,Plantilla / Squad,Álbum base
855,COD14,COD 14,THÉO BONGONDA,RD Congo,COD,K,DR CONGO,Jugador,Álbum base
856,COD15,COD 15,MESCHACK ELIA,RD Congo,COD,K,DR CONGO,Jugador,Álbum base
857,COD16,COD 16,YOANE WISSA,RD Congo,COD,K,DR CONGO,Jugador,Álbum base
858,COD17,COD 17,BRIAN CIPENGA,RD Congo,COD,K,DR CONGO,Jugador,Álbum base
859,COD18,COD 18,FISTON MAYELE,RD Congo,COD,K,DR CONGO,Jugador,Álbum base
860,COD19,COD 19,CÉDRIC BAKAMBU,RD Congo,COD,K,DR CONGO,Jugador,Álbum base
861,COD20,COD 20,NATHANAÉL MBUKU,RD Congo,COD,K,DR CONGO,Jugador,Álbum base
862,UZB1,UZB 1,BADGE,Uzbekistán,UZB,K,UZBEKISTAN,Emblema / Badge,Álbum base
863,UZB2,UZB 2,UTKIR YUSUPOV,Uzbekistán,UZB,K,UZBEKISTAN,Jugador,Álbum base
864,UZB3,UZB 3,FARRUKH SAYFIEV,Uzbekistán,UZB,K,UZBEKISTAN,Jugador,Álbum base
865,UZB4,UZB 4,SHERZOD NASRULLAEV,Uzbekistán,UZB,K,UZBEKISTAN,Jugador,Álbum base
866,UZB5,UZB 5,UMAR ESHMURODOV,Uzbekistán,UZB,K,UZBEKISTAN,Jugador,Álbum base
867,UZB6,UZB 6,HUSNIDDIN ALIQULOV,Uzbekistán,UZB,K,UZBEKISTAN,Jugador,Álbum base
868,UZB7,UZB 7,RUSTAM ASHURMATOV,Uzbekistán,UZB,K,UZBEKISTAN,Jugador,Álbum base
869,UZB8,UZB 8,KHOJIAKBAR ALIJONOV,Uzbekistán,UZB,K,UZBEKISTAN,Jugador,Álbum base
870,UZB9,UZB 9,ABDUKODIR KHUSANOV,Uzbekistán,UZB,K,UZBEKISTAN,Jugador,Álbum base
871,UZB10,UZB 10,ODILJON HAMROBEKOV,Uzbekistán,UZB,K,UZBEKISTAN,Jugador,Álbum base
872,UZB11,UZB 11,OTABEK SHUKUROV,Uzbekistán,UZB,K,UZBEKISTAN,Jugador,Álbum base
873,UZB12,UZB 12,JAMSHID ISKANDEROV,Uzbekistán,UZB,K,UZBEKISTAN,Jugador,Álbum base
874,UZB13,UZB 13,SQUAD,Uzbekistán,UZB,K,UZBEKISTAN,Plantilla / Squad,Álbum base
875,UZB14,UZB 14,AZIZBEK TURGUNBOEV,Uzbekistán,UZB,K,UZBEKISTAN,Jugador,Álbum base
876,UZB15,UZB 15,KHOJIMAT ERKINOV,Uzbekistán,UZB,K,UZBEKISTAN,Jugador,Álbum base
877,UZB16,UZB 16,ELDOR SHOMURODOV,Uzbekistán,UZB,K,UZBEKISTAN,Jugador,Álbum base
878,UZB17,UZB 17,OSTON URUNOV,Uzbekistán,UZB,K,UZBEKISTAN,Jugador,Álbum base
879,UZB18,UZB 18,JALOLIDOIN MASHARIPOV,Uzbekistán,UZB,K,UZBEKISTAN,Jugador,Álbum base
880,UZB19,UZB 19,IGOR SERGEEV,Uzbekistán,UZB,K,UZBEKISTAN,Jugador,Álbum base
881,UZB20,UZB 20,ABBOSBEK FAYZULLAEV,Uzbekistán,UZB,K,UZBEKISTAN,Jugador,Álbum base
882,COL1,COL 1,BADGE,Colombia,COL,K,COLOMBIA,Emblema / Badge,Álbum base
883,COL2,COL 2,CAMILO VARGAS,Colombia,COL,K,COLOMBIA,Jugador,Álbum base
884,COL3,COL 3,DAVID OSPINA,Colombia,COL,K,COLOMBIA,Jugador,Álbum base
885,COL4,COL 4,DÁVINSON SÁNCHEZ,Colombia,COL,K,COLOMBIA,Jugador,Álbum base
886,COL5,COL 5,YERRY MINA,Colombia,COL,K,COLOMBIA,Jugador,Álbum base
887,COL6,COL 6,DANIEL MUÑOZ,Colombia,COL,K,COLOMBIA,Jugador,Álbum base
888,COL7,COL 7,JOHAN MOJICA,Colombia,COL,K,COLOMBIA,Jugador,Álbum base
889,COL8,COL 8,JHON LUCUMÍ,Colombia,COL,K,COLOMBIA,Jugador,Álbum base
890,COL9,COL 9,SANTIAGO ARIAS,Colombia,COL,K,COLOMBIA,Jugador,Álbum base
891,COL10,COL 10,JEFFERSON LERMA,Colombia,COL,K,COLOMBIA,Jugador,Álbum base
892,COL11,COL 11,KEVIN CASTAÑO,Colombia,COL,K,COLOMBIA,Jugador,Álbum base
893,COL12,COL 12,RICHARD RÍOS,Colombia,COL,K,COLOMBIA,Jugador,Álbum base
894,COL13,COL 13,SQUAD,Colombia,COL,K,COLOMBIA,Plantilla / Squad,Álbum base
895,COL14,COL 14,JAMES RODRÍGUEZ,Colombia,COL,K,COLOMBIA,Jugador,Álbum base
896,COL15,COL 15,JUAN FERNANDO QUINTERO,Colombia,COL,K,COLOMBIA,Jugador,Álbum base
897,COL16,COL 16,JORGE CARRASCAL,Colombia,COL,K,COLOMBIA,Jugador,Álbum base
898,COL17,COL 17,JHON ARIAS,Colombia,COL,K,COLOMBIA,Jugador,Álbum base
899,COL18,COL 18,JHON CÓRDOVA,Colombia,COL,K,COLOMBIA,Jugador,Álbum base
900,COL19,COL 19,LUIS SUÁREZ,Colombia,COL,K,COLOMBIA,Jugador,Álbum base
901,COL20,COL 20,LUIS DÍAZ,Colombia,COL,K,COLOMBIA,Jugador,Álbum base
902,ENG1,ENG 1,BADGE,Inglaterra,ENG,L,ENGLAND,Emblema / Badge,Álbum base
903,ENG2,ENG 2,JORDAN PICKFORD,Inglaterra,ENG,L,ENGLAND,Jugador,Álbum base
904,ENG3,ENG 3,JOHN STONES,Inglaterra,ENG,L,ENGLAND,Jugador,Álbum base
905,ENG4,ENG 4,MARC GUÉHI,Inglaterra,ENG,L,ENGLAND,Jugador,Álbum base
906,ENG5,ENG 5,EZRI KONSA,Inglaterra,ENG,L,ENGLAND,Jugador,Álbum base
907,ENG6,ENG 6,TRENT ALEXANDER-ARNOLD,Inglaterra,ENG,L,ENGLAND,Jugador,Álbum base
908,ENG7,ENG 7,REECE JAMES,Inglaterra,ENG,L,ENGLAND,Jugador,Álbum base
909,ENG8,ENG 8,DAN BURN,Inglaterra,ENG,L,ENGLAND,Jugador,Álbum base
910,ENG9,ENG 9,JORDAN HENDERSON,Inglaterra,ENG,L,ENGLAND,Jugador,Álbum base
911,ENG10,ENG 10,DECLAN RICE,Inglaterra,ENG,L,ENGLAND,Jugador,Álbum base
912,ENG11,ENG 11,JUDE BELLINGHAM,Inglaterra,ENG,L,ENGLAND,Jugador,Álbum base
913,ENG12,ENG 12,COLE PALMER,Inglaterra,ENG,L,ENGLAND,Jugador,Álbum base
914,ENG13,ENG 13,SQUAD,Inglaterra,ENG,L,ENGLAND,Plantilla / Squad,Álbum base
915,ENG14,ENG 14,MORGAN ROGERS,Inglaterra,ENG,L,ENGLAND,Jugador,Álbum base
916,ENG15,ENG 15,ANTHONY GORDON,Inglaterra,ENG,L,ENGLAND,Jugador,Álbum base
917,ENG16,ENG 16,PHIL FODEN,Inglaterra,ENG,L,ENGLAND,Jugador,Álbum base
918,ENG17,ENG 17,BUKAYO SAKA,Inglaterra,ENG,L,ENGLAND,Jugador,Álbum base
919,ENG18,ENG 18,HARRY KANE,Inglaterra,ENG,L,ENGLAND,Jugador,Álbum base
920,ENG19,ENG 19,MARCUS RASHFORD,Inglaterra,ENG,L,ENGLAND,Jugador,Álbum base
921,ENG20,ENG 20,OLLIE WATKINS,Inglaterra,ENG,L,ENGLAND,Jugador,Álbum base
922,CRO1,CRO 1,BADGE,Croacia,CRO,L,CROATIA,Emblema / Badge,Álbum base
923,CRO2,CRO 2,DOMINIK LIVAKOVIĆ,Croacia,CRO,L,CROATIA,Jugador,Álbum base
924,CRO3,CRO 3,DUJE CALETA-CAR,Croacia,CRO,L,CROATIA,Jugador,Álbum base
925,CRO4,CRO 4,JOŠKO GVARDIOL,Croacia,CRO,L,CROATIA,Jugador,Álbum base
926,CRO5,CRO 5,JOSIP STANIŠIĆ,Croacia,CRO,L,CROATIA,Jugador,Álbum base
927,CRO6,CRO 6,LUKA VUŠKOVIĆ,Croacia,CRO,L,CROATIA,Jugador,Álbum base
928,CRO7,CRO 7,JOSIP ŠUTALO,Croacia,CRO,L,CROATIA,Jugador,Álbum base
929,CRO8,CRO 8,KRISTIJAN JAKIĆ,Croacia,CRO,L,CROATIA,Jugador,Álbum base
930,CRO9,CRO 9,LUKA MODRIĆ,Croacia,CRO,L,CROATIA,Jugador,Álbum base
931,CRO10,CRO 10,MATEO KOVACIC,Croacia,CRO,L,CROATIA,Jugador,Álbum base
932,CRO11,CRO 11,MARTIN BATURINA,Croacia,CRO,L,CROATIA,Jugador,Álbum base
933,CRO12,CRO 12,LOVRO MAJER,Croacia,CRO,L,CROATIA,Jugador,Álbum base
934,CRO13,CRO 13,SQUAD,Croacia,CRO,L,CROATIA,Plantilla / Squad,Álbum base
935,CRO14,CRO 14,MARIO PAŠALIĆ,Croacia,CRO,L,CROATIA,Jugador,Álbum base
936,CRO15,CRO 15,PETAR SUČIĆ,Croacia,CRO,L,CROATIA,Jugador,Álbum base
937,CRO16,CRO 16,IVAN PERIŠIĆ,Croacia,CRO,L,CROATIA,Jugador,Álbum base
938,CRO17,CRO 17,MARCO PAŠALIĆ,Croacia,CRO,L,CROATIA,Jugador,Álbum base
939,CRO18,CRO 18,ANTE BUDIMIR,Croacia,CRO,L,CROATIA,Jugador,Álbum base
940,CRO19,CRO 19,ANDREJ KRAMARIĆ,Croacia,CRO,L,CROATIA,Jugador,Álbum base
941,CRO20,CRO 20,FRANJO IVANOVIĆ,Croacia,CRO,L,CROATIA,Jugador,Álbum base
942,GHA1,GHA 1,BADGE,Ghana,GHA,L,GHANA,Emblema / Badge,Álbum base
943,GHA2,GHA 2,LAWRENCE ATI ZIGI,Ghana,GHA,L,GHANA,Jugador,Álbum base
944,GHA3,GHA 3,TARIQ LAMPTEY,Ghana,GHA,L,GHANA,Jugador,Álbum base
945,GHA4,GHA 4,MOHAMMED SALISU,Ghana,GHA,L,GHANA,Jugador,Álbum base
946,GHA5,GHA 5,ALIDU SEIDU,Ghana,GHA,L,GHANA,Jugador,Álbum base
947,GHA6,GHA 6,ALEXANDERR DJIKU,Ghana,GHA,L,GHANA,Jugador,Álbum base
948,GHA7,GHA 7,GIDEON MENSAH,Ghana,GHA,L,GHANA,Jugador,Álbum base
949,GHA8,GHA 8,CALEB YIRENKYI,Ghana,GHA,L,GHANA,Jugador,Álbum base
950,GHA9,GHA 9,ABDUL ISSAHAKU FATAWU,Ghana,GHA,L,GHANA,Jugador,Álbum base
951,GHA10,GHA 10,THOMAS PARTEY,Ghana,GHA,L,GHANA,Jugador,Álbum base
952,GHA11,GHA 11,SALIS ABDUL SAMED,Ghana,GHA,L,GHANA,Jugador,Álbum base
953,GHA12,GHA 12,KAMALDEEN SULEMANA,Ghana,GHA,L,GHANA,Jugador,Álbum base
954,GHA13,GHA 13,SQUAD,Ghana,GHA,L,GHANA,Plantilla / Squad,Álbum base
955,GHA14,GHA 14,MOHAMMED KUDUS,Ghana,GHA,L,GHANA,Jugador,Álbum base
956,GHA15,GHA 15,IÑAKI WILLIAMS,Ghana,GHA,L,GHANA,Jugador,Álbum base
957,GHA16,GHA 16,JORDAN AYEW,Ghana,GHA,L,GHANA,Jugador,Álbum base
958,GHA17,GHA 17,ANDRÉ AYEW,Ghana,GHA,L,GHANA,Jugador,Álbum base
959,GHA18,GHA 18,JOSEPH PAINTSIL,Ghana,GHA,L,GHANA,Jugador,Álbum base
960,GHA19,GHA 19,OSMAN BUKARI,Ghana,GHA,L,GHANA,Jugador,Álbum base
961,GHA20,GHA 20,ANTOINE SEMENYO,Ghana,GHA,L,GHANA,Jugador,Álbum base
962,PAN1,PAN 1,BADGE,Panamá,PAN,L,PANAMA,Emblema / Badge,Álbum base
963,PAN2,PAN 2,ORLANDO MOSQUERA,Panamá,PAN,L,PANAMA,Jugador,Álbum base
964,PAN3,PAN 3,LUIS MEJÍA,Panamá,PAN,L,PANAMA,Jugador,Álbum base
965,PAN4,PAN 4,FIDEL ESCOBAR,Panamá,PAN,L,PANAMA,Jugador,Álbum base
966,PAN5,PAN 5,ANDRÉS ANDRADE,Panamá,PAN,L,PANAMA,Jugador,Álbum base
967,PAN6,PAN 6,MICHAEL AMIR MURILLO,Panamá,PAN,L,PANAMA,Jugador,Álbum base
968,PAN7,PAN 7,ERIC DAVIES,Panamá,PAN,L,PANAMA,Jugador,Álbum base
969,PAN8,PAN 8,JOSÉ CÓRDOBA,Panamá,PAN,L,PANAMA,Jugador,Álbum base
970,PAN9,PAN 9,CÉSAR BLACKMAN,Panamá,PAN,L,PANAMA,Jugador,Álbum base
971,PAN10,PAN 10,CRISTIAN MARTÍN,Panamá,PAN,L,PANAMA,Jugador,Álbum base
972,PAN11,PAN 11,ANIBAL GODOY,Panamá,PAN,L,PANAMA,Jugador,Álbum base
973,PAN12,PAN 12,ADALBERTO CARRASQUILLA,Panamá,PAN,L,PANAMA,Jugador,Álbum base
974,PAN13,PAN 13,SQUAD,Panamá,PAN,L,PANAMA,Plantilla / Squad,Álbum base
975,PAN14,PAN 14,ÉDGAR BÁRCENAS,Panamá,PAN,L,PANAMA,Jugador,Álbum base
976,PAN15,PAN 15,CARLOS HARVEY,Panamá,PAN,L,PANAMA,Jugador,Álbum base
977,PAN16,PAN 16,ISMAEL DÍAZ,Panamá,PAN,L,PANAMA,Jugador,Álbum base
978,PAN17,PAN 17,JOSÉ FAJARDO,Panamá,PAN,L,PANAMA,Jugador,Álbum base
979,PAN18,PAN 18,CECILIO WATERMAN,Panamá,PAN,L,PANAMA,Jugador,Álbum base
980,PAN19,PAN 19,JOSÉ LUIS RODRÍGUEZ,Panamá,PAN,L,PANAMA,Jugador,Álbum base
981,PAN20,PAN 20,ALBERTO QUINTERO,Panamá,PAN,L,PANAMA,Jugador,Álbum base
982,FWC9,FWC 9,ITALY 1934,,,,WORLD CUP HISTORY,World Cup History,Álbum base
983,FWC10,FWC 10,URUGUAY 1950,,,,WORLD CUP HISTORY,World Cup History,Álbum base
984,FWC11,FWC 11,GERMANY 1964,,,,WORLD CUP HISTORY,World Cup History,Álbum base
985,FWC12,FWC 12,BRAZIL 1962,,,,WORLD CUP HISTORY,World Cup History,Álbum base
986,FWC13,FWC 13,GERMANY 1974,,,,WORLD CUP HISTORY,World Cup History,Álbum base
987,FWC14,FWC 14,ARGENTINA 1986,,,,WORLD CUP HISTORY,World Cup History,Álbum base
988,FWC15,FWC 15,BRAZIL 1994,,,,WORLD CUP HISTORY,World Cup History,Álbum base
989,FWC16,FWC 16,BRAZIL 2002,,,,WORLD CUP HISTORY,World Cup History,Álbum base
990,FWC17,FWC 17,ITALY 2006,,,,WORLD CUP HISTORY,World Cup History,Álbum base
991,FWC18,FWC 18,GERMANY 2014,,,,WORLD CUP HISTORY,World Cup History,Álbum base
992,FWC19,FWC 19,ARGENTINA 2022,,,,WORLD CUP HISTORY,World Cup History,Álbum base
